0 verbose cli C:\Program Files\nodejs\node.exe C:\Program Files\nodejs\node_modules\npm\bin\npm-cli.js
1 info using npm@11.11.0
2 info using node@v24.14.1
3 silly config load:file:C:\Program Files\nodejs\node_modules\npm\npmrc
4 silly config load:file:C:\qr-sasms\.npmrc
5 silly config load:file:C:\Users\elmer\.npmrc
6 silly config load:file:C:\Users\elmer\AppData\Roaming\npm\etc\npmrc
7 verbose title npm install eslint@^8.57.1 eslint-config-next@14.2.15
8 verbose argv "install" "--save-dev" "eslint@^8.57.1" "eslint-config-next@14.2.15"
9 verbose logfile logs-max:10 dir:C:\qr-sasms\.npm-cache\_logs\2026-07-23T14_24_50_718Z-
10 verbose logfile C:\qr-sasms\.npm-cache\_logs\2026-07-23T14_24_50_718Z-debug-0.log
11 silly logfile done cleaning log files
12 silly packumentCache heap:2348810240 maxSize:587202560 maxEntrySize:293601280
13 silly idealTree buildDeps
14 silly fetch manifest eslint@^8.57.1
15 silly packumentCache full:https://registry.npmjs.org/eslint cache-miss
16 http fetch GET 200 https://registry.npmjs.org/npm 713ms
17 http fetch GET 200 https://registry.npmjs.org/eslint 733ms (cache miss)
18 silly packumentCache full:https://registry.npmjs.org/eslint set size:undefined disposed:false
19 silly fetch manifest eslint-config-next@14.2.15
20 silly packumentCache full:https://registry.npmjs.org/eslint-config-next cache-miss
21 http fetch GET 200 https://registry.npmjs.org/eslint-config-next 1063ms (cache miss)
22 silly packumentCache full:https://registry.npmjs.org/eslint-config-next set size:undefined disposed:false
23 silly fetch manifest typescript@^5.6.2
24 silly packumentCache full:https://registry.npmjs.org/typescript cache-miss
25 http fetch GET 200 https://registry.npmjs.org/typescript 2218ms (cache miss)
26 silly packumentCache full:https://registry.npmjs.org/typescript set size:undefined disposed:false
27 silly placeDep ROOT eslint@8.57.1 OK for: qr-sasms@1.0.0 want: ^8.57.1
28 silly placeDep ROOT eslint-config-next@14.2.15 OK for: qr-sasms@1.0.0 want: 14.2.15
29 silly fetch manifest ajv@^6.12.4
30 silly packumentCache full:https://registry.npmjs.org/ajv cache-miss
31 silly fetch manifest levn@^0.4.1
32 silly packumentCache full:https://registry.npmjs.org/levn cache-miss
33 silly fetch manifest chalk@^4.0.0
34 silly packumentCache full:https://registry.npmjs.org/chalk cache-miss
35 silly fetch manifest debug@^4.3.2
36 silly packumentCache full:https://registry.npmjs.org/debug cache-miss
37 silly fetch manifest espree@^9.6.1
38 silly packumentCache full:https://registry.npmjs.org/espree cache-miss
39 silly fetch manifest ignore@^5.2.0
40 silly packumentCache full:https://registry.npmjs.org/ignore cache-miss
41 silly fetch manifest esquery@^1.4.2
42 silly packumentCache full:https://registry.npmjs.org/esquery cache-miss
43 http fetch GET 200 https://registry.npmjs.org/levn 72ms (cache miss)
44 silly packumentCache full:https://registry.npmjs.org/levn set size:undefined disposed:false
45 silly fetch manifest esutils@^2.0.2
46 silly packumentCache full:https://registry.npmjs.org/esutils cache-miss
47 http fetch GET 200 https://registry.npmjs.org/esutils 55ms (cache miss)
48 silly packumentCache full:https://registry.npmjs.org/esutils set size:undefined disposed:false
49 silly fetch manifest find-up@^5.0.0
50 silly packumentCache full:https://registry.npmjs.org/find-up cache-miss
51 http fetch GET 200 https://registry.npmjs.org/debug 186ms (cache miss)
52 silly packumentCache full:https://registry.npmjs.org/debug set size:undefined disposed:false
53 silly fetch manifest globals@^13.19.0
54 silly packumentCache full:https://registry.npmjs.org/globals cache-miss
55 http fetch GET 200 https://registry.npmjs.org/find-up 72ms (cache miss)
56 silly packumentCache full:https://registry.npmjs.org/find-up set size:undefined disposed:false
57 silly fetch manifest is-glob@^4.0.0
58 silly packumentCache full:https://registry.npmjs.org/is-glob cache-miss
59 http fetch GET 200 https://registry.npmjs.org/globals 120ms (cache miss)
60 silly packumentCache full:https://registry.npmjs.org/globals set size:undefined disposed:false
61 silly fetch manifest js-yaml@^4.1.0
62 silly packumentCache full:https://registry.npmjs.org/js-yaml cache-miss
63 http fetch GET 200 https://registry.npmjs.org/esquery 408ms (cache miss)
64 silly packumentCache full:https://registry.npmjs.org/esquery set size:undefined disposed:false
65 silly fetch manifest doctrine@^3.0.0
66 silly packumentCache full:https://registry.npmjs.org/doctrine cache-miss
67 http fetch GET 200 https://registry.npmjs.org/chalk 421ms (cache miss)
68 silly packumentCache full:https://registry.npmjs.org/chalk set size:undefined disposed:false
69 silly fetch manifest graphemer@^1.4.0
70 silly packumentCache full:https://registry.npmjs.org/graphemer cache-miss
71 http fetch GET 200 https://registry.npmjs.org/ignore 470ms (cache miss)
72 silly packumentCache full:https://registry.npmjs.org/ignore set size:undefined disposed:false
73 silly fetch manifest minimatch@^3.1.2
74 silly packumentCache full:https://registry.npmjs.org/minimatch cache-miss
75 http fetch GET 200 https://registry.npmjs.org/is-glob 374ms (cache miss)
76 silly packumentCache full:https://registry.npmjs.org/is-glob set size:undefined disposed:false
77 silly fetch manifest @eslint/js@8.57.1
78 silly packumentCache full:https://registry.npmjs.org/@eslint%2fjs cache-miss
79 http fetch GET 200 https://registry.npmjs.org/js-yaml 286ms (cache miss)
80 silly packumentCache full:https://registry.npmjs.org/js-yaml set size:undefined disposed:false
81 silly fetch manifest optionator@^0.9.3
82 silly packumentCache full:https://registry.npmjs.org/optionator cache-miss
83 http fetch GET 200 https://registry.npmjs.org/ajv 624ms (cache miss)
84 silly packumentCache full:https://registry.npmjs.org/ajv set size:undefined disposed:false
85 silly fetch manifest strip-ansi@^6.0.1
86 silly packumentCache full:https://registry.npmjs.org/strip-ansi cache-miss
87 http fetch GET 200 https://registry.npmjs.org/espree 699ms (cache miss)
88 silly packumentCache full:https://registry.npmjs.org/espree set size:undefined disposed:false
89 silly fetch manifest text-table@^0.2.0
90 silly packumentCache full:https://registry.npmjs.org/text-table cache-miss
91 http fetch GET 200 https://registry.npmjs.org/doctrine 396ms (cache miss)
92 silly packumentCache full:https://registry.npmjs.org/doctrine set size:undefined disposed:false
93 silly fetch manifest cross-spawn@^7.0.2
94 silly packumentCache full:https://registry.npmjs.org/cross-spawn cache-miss
95 http fetch GET 200 https://registry.npmjs.org/graphemer 439ms (cache miss)
96 silly packumentCache full:https://registry.npmjs.org/graphemer set size:undefined disposed:false
97 silly fetch manifest glob-parent@^6.0.2
98 silly packumentCache full:https://registry.npmjs.org/glob-parent cache-miss
99 http fetch GET 200 https://registry.npmjs.org/optionator 377ms (cache miss)
100 silly packumentCache full:https://registry.npmjs.org/optionator set size:undefined disposed:false
101 silly fetch manifest imurmurhash@^0.1.4
102 silly packumentCache full:https://registry.npmjs.org/imurmurhash cache-miss
103 http fetch GET 200 https://registry.npmjs.org/strip-ansi 355ms (cache miss)
104 silly packumentCache full:https://registry.npmjs.org/strip-ansi set size:undefined disposed:false
105 silly fetch manifest eslint-scope@^7.2.2
106 silly packumentCache full:https://registry.npmjs.org/eslint-scope cache-miss
107 http fetch GET 200 https://registry.npmjs.org/minimatch 543ms (cache miss)
108 silly packumentCache full:https://registry.npmjs.org/minimatch set size:undefined disposed:false
109 silly fetch manifest lodash.merge@^4.6.2
110 silly packumentCache full:https://registry.npmjs.org/lodash.merge cache-miss
111 http fetch GET 200 https://registry.npmjs.org/text-table 322ms (cache miss)
112 silly packumentCache full:https://registry.npmjs.org/text-table set size:undefined disposed:false
113 silly fetch manifest is-path-inside@^3.0.3
114 silly packumentCache full:https://registry.npmjs.org/is-path-inside cache-miss
115 http fetch GET 200 https://registry.npmjs.org/imurmurhash 80ms (cache miss)
116 silly packumentCache full:https://registry.npmjs.org/imurmurhash set size:undefined disposed:false
117 silly fetch manifest fast-deep-equal@^3.1.3
118 silly packumentCache full:https://registry.npmjs.org/fast-deep-equal cache-miss
119 http fetch GET 200 https://registry.npmjs.org/cross-spawn 292ms (cache miss)
120 silly packumentCache full:https://registry.npmjs.org/cross-spawn set size:undefined disposed:false
121 silly fetch manifest natural-compare@^1.4.0
122 silly packumentCache full:https://registry.npmjs.org/natural-compare cache-miss
123 http fetch GET 200 https://registry.npmjs.org/glob-parent 253ms (cache miss)
124 silly packumentCache full:https://registry.npmjs.org/glob-parent set size:undefined disposed:false
125 silly fetch manifest @eslint/eslintrc@^2.1.4
126 silly packumentCache full:https://registry.npmjs.org/@eslint%2feslintrc cache-miss
127 http fetch GET 200 https://registry.npmjs.org/eslint-scope 242ms (cache miss)
128 silly packumentCache full:https://registry.npmjs.org/eslint-scope set size:undefined disposed:false
129 silly fetch manifest @nodelib/fs.walk@^1.2.8
130 silly packumentCache full:https://registry.npmjs.org/@nodelib%2ffs.walk cache-miss
131 http fetch GET 200 https://registry.npmjs.org/lodash.merge 247ms (cache miss)
132 silly packumentCache full:https://registry.npmjs.org/lodash.merge set size:undefined disposed:false
133 silly fetch manifest file-entry-cache@^6.0.1
134 silly packumentCache full:https://registry.npmjs.org/file-entry-cache cache-miss
135 http fetch GET 200 https://registry.npmjs.org/is-path-inside 273ms (cache miss)
136 silly packumentCache full:https://registry.npmjs.org/is-path-inside set size:undefined disposed:false
137 silly fetch manifest eslint-visitor-keys@^3.4.3
138 silly packumentCache full:https://registry.npmjs.org/eslint-visitor-keys cache-miss
139 http fetch GET 200 https://registry.npmjs.org/fast-deep-equal 249ms (cache miss)
140 silly packumentCache full:https://registry.npmjs.org/fast-deep-equal set size:undefined disposed:false
141 silly fetch manifest escape-string-regexp@^4.0.0
142 silly packumentCache full:https://registry.npmjs.org/escape-string-regexp cache-miss
143 http fetch GET 200 https://registry.npmjs.org/natural-compare 224ms (cache miss)
144 silly packumentCache full:https://registry.npmjs.org/natural-compare set size:undefined disposed:false
145 silly fetch manifest @ungap/structured-clone@^1.2.0
146 silly packumentCache full:https://registry.npmjs.org/@ungap%2fstructured-clone cache-miss
147 http fetch GET 200 https://registry.npmjs.org/file-entry-cache 77ms (cache miss)
148 silly packumentCache full:https://registry.npmjs.org/file-entry-cache set size:undefined disposed:false
149 silly fetch manifest @eslint-community/regexpp@^4.6.1
150 silly packumentCache full:https://registry.npmjs.org/@eslint-community%2fregexpp cache-miss
151 http fetch GET 200 https://registry.npmjs.org/escape-string-regexp 51ms (cache miss)
152 silly packumentCache full:https://registry.npmjs.org/escape-string-regexp set size:undefined disposed:false
153 silly fetch manifest @humanwhocodes/config-array@^0.13.0
154 silly packumentCache full:https://registry.npmjs.org/@humanwhocodes%2fconfig-array cache-miss
155 http fetch GET 200 https://registry.npmjs.org/@eslint%2fjs 820ms (cache miss)
156 silly packumentCache full:https://registry.npmjs.org/@eslint%2fjs set size:undefined disposed:false
157 silly fetch manifest @eslint-community/eslint-utils@^4.2.0
158 silly packumentCache full:https://registry.npmjs.org/@eslint-community%2feslint-utils cache-miss
159 http fetch GET 200 https://registry.npmjs.org/eslint-visitor-keys 108ms (cache miss)
160 silly packumentCache full:https://registry.npmjs.org/eslint-visitor-keys set size:undefined disposed:false
161 silly fetch manifest @humanwhocodes/module-importer@^1.0.1
162 silly packumentCache full:https://registry.npmjs.org/@humanwhocodes%2fmodule-importer cache-miss
163 http fetch GET 200 https://registry.npmjs.org/@nodelib%2ffs.walk 511ms (cache miss)
164 silly packumentCache full:https://registry.npmjs.org/@nodelib%2ffs.walk set size:undefined disposed:false
165 silly fetch manifest json-stable-stringify-without-jsonify@^1.0.1
166 silly packumentCache full:https://registry.npmjs.org/json-stable-stringify-without-jsonify cache-miss
167 http fetch GET 200 https://registry.npmjs.org/@eslint%2feslintrc 792ms (cache miss)
168 silly packumentCache full:https://registry.npmjs.org/@eslint%2feslintrc set size:undefined disposed:false
169 silly fetch manifest eslint-plugin-react@^7.33.2
170 silly packumentCache full:https://registry.npmjs.org/eslint-plugin-react cache-miss
171 http fetch GET 200 https://registry.npmjs.org/@eslint-community%2feslint-utils 537ms (cache miss)
172 silly packumentCache full:https://registry.npmjs.org/@eslint-community%2feslint-utils set size:undefined disposed:false
173 silly fetch manifest eslint-plugin-import@^2.28.1
174 silly packumentCache full:https://registry.npmjs.org/eslint-plugin-import cache-miss
175 http fetch GET 200 https://registry.npmjs.org/json-stable-stringify-without-jsonify 274ms (cache miss)
176 silly packumentCache full:https://registry.npmjs.org/json-stable-stringify-without-jsonify set size:undefined disposed:false
177 silly fetch manifest eslint-plugin-jsx-a11y@^6.7.1
178 silly packumentCache full:https://registry.npmjs.org/eslint-plugin-jsx-a11y cache-miss
179 http fetch GET 200 https://registry.npmjs.org/@ungap%2fstructured-clone 738ms (cache miss)
180 silly packumentCache full:https://registry.npmjs.org/@ungap%2fstructured-clone set size:undefined disposed:false
181 silly fetch manifest @rushstack/eslint-patch@^1.3.3
182 silly packumentCache full:https://registry.npmjs.org/@rushstack%2feslint-patch cache-miss
183 http fetch GET 200 https://registry.npmjs.org/@eslint-community%2fregexpp 718ms (cache miss)
184 silly packumentCache full:https://registry.npmjs.org/@eslint-community%2fregexpp set size:undefined disposed:false
185 silly fetch manifest @next/eslint-plugin-next@14.2.15
186 silly packumentCache full:https://registry.npmjs.org/@next%2feslint-plugin-next cache-miss
187 http fetch GET 200 https://registry.npmjs.org/@humanwhocodes%2fconfig-array 723ms (cache miss)
188 silly packumentCache full:https://registry.npmjs.org/@humanwhocodes%2fconfig-array set size:undefined disposed:false
189 silly fetch manifest @typescript-eslint/parser@^5.4.2 || ^6.0.0 || ^7.0.0 || ^8.0.0
190 silly packumentCache full:https://registry.npmjs.org/@typescript-eslint%2fparser cache-miss
191 http fetch GET 200 https://registry.npmjs.org/eslint-plugin-import 590ms (cache miss)
192 silly packumentCache full:https://registry.npmjs.org/eslint-plugin-import set size:undefined disposed:false
193 silly fetch manifest eslint-plugin-react-hooks@^4.5.0 || 5.0.0-canary-7118f5dd7-20230705
194 silly packumentCache full:https://registry.npmjs.org/eslint-plugin-react-hooks cache-miss
195 http fetch GET 200 https://registry.npmjs.org/@humanwhocodes%2fmodule-importer 1145ms (cache miss)
196 silly packumentCache full:https://registry.npmjs.org/@humanwhocodes%2fmodule-importer set size:undefined disposed:false
197 silly fetch manifest eslint-import-resolver-node@^0.3.6
198 silly packumentCache full:https://registry.npmjs.org/eslint-import-resolver-node cache-miss
199 http fetch GET 200 https://registry.npmjs.org/eslint-plugin-jsx-a11y 626ms (cache miss)
200 silly packumentCache full:https://registry.npmjs.org/eslint-plugin-jsx-a11y set size:undefined disposed:false
201 silly fetch manifest @typescript-eslint/eslint-plugin@^5.4.2 || ^6.0.0 || ^7.0.0 || ^8.0.0
202 silly packumentCache full:https://registry.npmjs.org/@typescript-eslint%2feslint-plugin cache-miss
203 http fetch GET 200 https://registry.npmjs.org/eslint-plugin-react 858ms (cache miss)
204 silly packumentCache full:https://registry.npmjs.org/eslint-plugin-react set size:undefined disposed:false
205 silly fetch manifest eslint-import-resolver-typescript@^3.5.2
206 silly packumentCache full:https://registry.npmjs.org/eslint-import-resolver-typescript cache-miss
207 http fetch GET 200 https://registry.npmjs.org/eslint-import-resolver-node 322ms (cache miss)
208 silly packumentCache full:https://registry.npmjs.org/eslint-import-resolver-node set size:undefined disposed:false
209 http fetch GET 200 https://registry.npmjs.org/@rushstack%2feslint-patch 1875ms (cache miss)
210 silly packumentCache full:https://registry.npmjs.org/@rushstack%2feslint-patch set size:undefined disposed:false
211 http fetch GET 200 https://registry.npmjs.org/eslint-import-resolver-typescript 1528ms (cache miss)
212 silly packumentCache full:https://registry.npmjs.org/eslint-import-resolver-typescript set size:undefined disposed:false
213 http fetch GET 200 https://registry.npmjs.org/@next%2feslint-plugin-next 7194ms (cache miss)
214 silly packumentCache full:https://registry.npmjs.org/@next%2feslint-plugin-next set size:undefined disposed:false
215 http fetch GET 200 https://registry.npmjs.org/eslint-plugin-react-hooks 7428ms (cache miss)
216 silly packumentCache full:https://registry.npmjs.org/eslint-plugin-react-hooks set size:undefined disposed:false
217 http fetch GET 200 https://registry.npmjs.org/@typescript-eslint%2fparser 15893ms (cache miss)
218 silly packumentCache full:https://registry.npmjs.org/@typescript-eslint%2fparser set size:undefined disposed:false
219 http fetch GET 200 https://registry.npmjs.org/@typescript-eslint%2feslint-plugin 15727ms (cache miss)
220 silly packumentCache full:https://registry.npmjs.org/@typescript-eslint%2feslint-plugin set size:undefined disposed:false
221 silly fetch manifest eslint@^6.0.0 || ^7.0.0 || >=8.0.0
222 silly packumentCache full:https://registry.npmjs.org/eslint cache-miss
223 http cache https://registry.npmjs.org/eslint 77ms (cache hit)
224 silly packumentCache full:https://registry.npmjs.org/eslint set size:2033084 disposed:false
225 silly fetch manifest jiti@*
226 silly packumentCache full:https://registry.npmjs.org/jiti cache-miss
227 http fetch GET 200 https://registry.npmjs.org/jiti 251ms (cache miss)
228 silly packumentCache full:https://registry.npmjs.org/jiti set size:undefined disposed:false
229 silly placeDep ROOT @eslint-community/eslint-utils@4.10.1 OK for: eslint@8.57.1 want: ^4.2.0
230 silly placeDep ROOT @eslint-community/regexpp@4.12.2 OK for: eslint@8.57.1 want: ^4.6.1
231 silly placeDep ROOT @eslint/eslintrc@2.1.4 OK for: eslint@8.57.1 want: ^2.1.4
232 silly placeDep ROOT @eslint/js@8.57.1 OK for: eslint@8.57.1 want: 8.57.1
233 silly placeDep ROOT @humanwhocodes/config-array@0.13.0 OK for: eslint@8.57.1 want: ^0.13.0
234 silly placeDep ROOT @humanwhocodes/module-importer@1.0.1 OK for: eslint@8.57.1 want: ^1.0.1
235 silly placeDep ROOT @nodelib/fs.walk@1.2.8 OK for: eslint@8.57.1 want: ^1.2.8
236 silly placeDep ROOT @ungap/structured-clone@1.3.3 OK for: eslint@8.57.1 want: ^1.2.0
237 silly placeDep ROOT ajv@6.15.0 OK for: eslint@8.57.1 want: ^6.12.4
238 silly placeDep ROOT chalk@4.1.2 OK for: eslint@8.57.1 want: ^4.0.0
239 silly placeDep ROOT cross-spawn@7.0.6 OK for: eslint@8.57.1 want: ^7.0.2
240 silly placeDep ROOT debug@4.4.3 OK for: eslint@8.57.1 want: ^4.3.2
241 silly placeDep ROOT doctrine@3.0.0 OK for: eslint@8.57.1 want: ^3.0.0
242 silly placeDep ROOT escape-string-regexp@4.0.0 OK for: eslint@8.57.1 want: ^4.0.0
243 silly placeDep ROOT eslint-scope@7.2.2 OK for: eslint@8.57.1 want: ^7.2.2
244 silly placeDep ROOT eslint-visitor-keys@3.4.3 OK for: eslint@8.57.1 want: ^3.4.3
245 silly placeDep ROOT espree@9.6.1 OK for: eslint@8.57.1 want: ^9.6.1
246 silly placeDep ROOT esquery@1.7.0 OK for: eslint@8.57.1 want: ^1.4.2
247 silly placeDep ROOT esutils@2.0.3 OK for: eslint@8.57.1 want: ^2.0.2
248 silly placeDep ROOT fast-deep-equal@3.1.3 OK for: eslint@8.57.1 want: ^3.1.3
249 silly placeDep ROOT file-entry-cache@6.0.1 OK for: eslint@8.57.1 want: ^6.0.1
250 silly placeDep ROOT find-up@5.0.0 OK for: eslint@8.57.1 want: ^5.0.0
251 silly placeDep ROOT glob-parent@6.0.2 OK for: eslint@8.57.1 want: ^6.0.2
252 silly placeDep ROOT globals@13.24.0 OK for: eslint@8.57.1 want: ^13.19.0
253 silly placeDep ROOT graphemer@1.4.0 OK for: eslint@8.57.1 want: ^1.4.0
254 silly placeDep ROOT ignore@5.3.2 OK for: eslint@8.57.1 want: ^5.2.0
255 silly placeDep ROOT imurmurhash@0.1.4 OK for: eslint@8.57.1 want: ^0.1.4
256 silly placeDep ROOT is-glob@4.0.3 OK for: eslint@8.57.1 want: ^4.0.0
257 silly placeDep ROOT is-path-inside@3.0.3 OK for: eslint@8.57.1 want: ^3.0.3
258 silly placeDep ROOT js-yaml@4.3.0 OK for: eslint@8.57.1 want: ^4.1.0
259 silly placeDep ROOT json-stable-stringify-without-jsonify@1.0.1 OK for: eslint@8.57.1 want: ^1.0.1
260 silly placeDep ROOT levn@0.4.1 OK for: eslint@8.57.1 want: ^0.4.1
261 silly placeDep ROOT lodash.merge@4.6.2 OK for: eslint@8.57.1 want: ^4.6.2
262 silly placeDep ROOT minimatch@3.1.5 OK for: eslint@8.57.1 want: ^3.1.2
263 silly placeDep ROOT natural-compare@1.4.0 OK for: eslint@8.57.1 want: ^1.4.0
264 silly placeDep ROOT optionator@0.9.4 OK for: eslint@8.57.1 want: ^0.9.3
265 silly placeDep ROOT strip-ansi@6.0.1 OK for: eslint@8.57.1 want: ^6.0.1
266 silly placeDep ROOT text-table@0.2.0 OK for: eslint@8.57.1 want: ^0.2.0
267 silly fetch manifest espree@^9.6.0
268 silly packumentCache full:https://registry.npmjs.org/espree cache-miss
269 silly fetch manifest import-fresh@^3.2.1
270 silly packumentCache full:https://registry.npmjs.org/import-fresh cache-miss
271 silly fetch manifest strip-json-comments@^3.1.1
272 silly packumentCache full:https://registry.npmjs.org/strip-json-comments cache-miss
273 silly fetch manifest debug@^4.3.1
274 silly packumentCache full:https://registry.npmjs.org/debug cache-miss
275 silly fetch manifest minimatch@^3.0.5
276 silly packumentCache full:https://registry.npmjs.org/minimatch cache-miss
277 silly fetch manifest @humanwhocodes/object-schema@^2.0.3
278 silly packumentCache full:https://registry.npmjs.org/@humanwhocodes%2fobject-schema cache-miss
279 silly fetch manifest fastq@^1.6.0
280 silly packumentCache full:https://registry.npmjs.org/fastq cache-miss
281 http cache https://registry.npmjs.org/minimatch 25ms (cache hit)
282 silly packumentCache full:https://registry.npmjs.org/minimatch set size:375282 disposed:false
283 silly fetch manifest @nodelib/fs.scandir@2.1.5
284 silly packumentCache full:https://registry.npmjs.org/@nodelib%2ffs.scandir cache-miss
285 http cache https://registry.npmjs.org/espree 45ms (cache hit)
286 silly packumentCache full:https://registry.npmjs.org/espree set size:326080 disposed:false
287 silly fetch manifest uri-js@^4.2.2
288 silly packumentCache full:https://registry.npmjs.org/uri-js cache-miss
289 http cache https://registry.npmjs.org/debug 49ms (cache hit)
290 silly packumentCache full:https://registry.npmjs.org/debug set size:195840 disposed:false
291 silly fetch manifest fast-deep-equal@^3.1.1
292 silly packumentCache full:https://registry.npmjs.org/fast-deep-equal cache-miss
293 http fetch GET 200 https://registry.npmjs.org/import-fresh 86ms (cache miss)
294 silly packumentCache full:https://registry.npmjs.org/import-fresh set size:undefined disposed:false
295 silly fetch manifest json-schema-traverse@^0.4.1
296 silly packumentCache full:https://registry.npmjs.org/json-schema-traverse cache-miss
297 http cache https://registry.npmjs.org/fast-deep-equal 34ms (cache hit)
298 silly packumentCache full:https://registry.npmjs.org/fast-deep-equal set size:48634 disposed:false
299 silly fetch manifest fast-json-stable-stringify@^2.0.0
300 silly packumentCache full:https://registry.npmjs.org/fast-json-stable-stringify cache-miss
301 http fetch GET 200 https://registry.npmjs.org/json-schema-traverse 66ms (cache miss)
302 silly packumentCache full:https://registry.npmjs.org/json-schema-traverse set size:undefined disposed:false
303 silly fetch manifest ansi-styles@^4.1.0
304 silly packumentCache full:https://registry.npmjs.org/ansi-styles cache-miss
305 http fetch GET 200 https://registry.npmjs.org/ansi-styles 76ms (cache miss)
306 silly packumentCache full:https://registry.npmjs.org/ansi-styles set size:undefined disposed:false
307 silly fetch manifest supports-color@^7.1.0
308 silly packumentCache full:https://registry.npmjs.org/supports-color cache-miss
309 http fetch GET 200 https://registry.npmjs.org/strip-json-comments 326ms (cache miss)
310 silly packumentCache full:https://registry.npmjs.org/strip-json-comments set size:undefined disposed:false
311 silly fetch manifest which@^2.0.1
312 silly packumentCache full:https://registry.npmjs.org/which cache-miss
313 http fetch GET 200 https://registry.npmjs.org/uri-js 289ms (cache miss)
314 silly packumentCache full:https://registry.npmjs.org/uri-js set size:undefined disposed:false
315 silly fetch manifest path-key@^3.1.0
316 silly packumentCache full:https://registry.npmjs.org/path-key cache-miss
317 http fetch GET 200 https://registry.npmjs.org/fastq 348ms (cache miss)
318 silly packumentCache full:https://registry.npmjs.org/fastq set size:undefined disposed:false
319 silly fetch manifest shebang-command@^2.0.0
320 silly packumentCache full:https://registry.npmjs.org/shebang-command cache-miss
321 http fetch GET 200 https://registry.npmjs.org/fast-json-stable-stringify 272ms (cache miss)
322 silly packumentCache full:https://registry.npmjs.org/fast-json-stable-stringify set size:undefined disposed:false
323 silly fetch manifest ms@^2.1.3
324 silly packumentCache full:https://registry.npmjs.org/ms cache-miss
325 http fetch GET 200 https://registry.npmjs.org/ms 71ms (cache miss)
326 silly packumentCache full:https://registry.npmjs.org/ms set size:undefined disposed:false
327 silly fetch manifest esrecurse@^4.3.0
328 silly packumentCache full:https://registry.npmjs.org/esrecurse cache-miss
329 http fetch GET 200 https://registry.npmjs.org/shebang-command 87ms (cache miss)
330 silly packumentCache full:https://registry.npmjs.org/shebang-command set size:undefined disposed:false
331 silly fetch manifest estraverse@^5.2.0
332 silly packumentCache full:https://registry.npmjs.org/estraverse cache-miss
333 http fetch GET 200 https://registry.npmjs.org/supports-color 265ms (cache miss)
334 silly packumentCache full:https://registry.npmjs.org/supports-color set size:undefined disposed:false
335 silly fetch manifest acorn@^8.9.0
336 silly packumentCache full:https://registry.npmjs.org/acorn cache-miss
337 http fetch GET 200 https://registry.npmjs.org/which 186ms (cache miss)
338 silly packumentCache full:https://registry.npmjs.org/which set size:undefined disposed:false
339 silly fetch manifest acorn-jsx@^5.3.2
340 silly packumentCache full:https://registry.npmjs.org/acorn-jsx cache-miss
341 http fetch GET 200 https://registry.npmjs.org/estraverse 97ms (cache miss)
342 silly packumentCache full:https://registry.npmjs.org/estraverse set size:undefined disposed:false
343 silly fetch manifest estraverse@^5.1.0
344 silly packumentCache full:https://registry.npmjs.org/estraverse cache-miss
345 http cache https://registry.npmjs.org/estraverse 9ms (cache hit)
346 silly packumentCache full:https://registry.npmjs.org/estraverse set size:62412 disposed:false
347 silly fetch manifest flat-cache@^3.0.4
348 silly packumentCache full:https://registry.npmjs.org/flat-cache cache-miss
349 http fetch GET 200 https://registry.npmjs.org/path-key 256ms (cache miss)
350 silly packumentCache full:https://registry.npmjs.org/path-key set size:undefined disposed:false
351 silly fetch manifest locate-path@^6.0.0
352 silly packumentCache full:https://registry.npmjs.org/locate-path cache-miss
353 http fetch GET 200 https://registry.npmjs.org/acorn 151ms (cache miss)
354 silly packumentCache full:https://registry.npmjs.org/acorn set size:undefined disposed:false
355 silly fetch manifest path-exists@^4.0.0
356 silly packumentCache full:https://registry.npmjs.org/path-exists cache-miss
357 http fetch GET 200 https://registry.npmjs.org/esrecurse 257ms (cache miss)
358 silly packumentCache full:https://registry.npmjs.org/esrecurse set size:undefined disposed:false
359 silly fetch manifest is-glob@^4.0.3
360 silly packumentCache full:https://registry.npmjs.org/is-glob cache-miss
361 http cache https://registry.npmjs.org/is-glob 11ms (cache hit)
362 silly packumentCache full:https://registry.npmjs.org/is-glob set size:40530 disposed:false
363 silly fetch manifest type-fest@^0.20.2
364 silly packumentCache full:https://registry.npmjs.org/type-fest cache-miss
365 http fetch GET 200 https://registry.npmjs.org/acorn-jsx 294ms (cache miss)
366 silly packumentCache full:https://registry.npmjs.org/acorn-jsx set size:undefined disposed:false
367 silly fetch manifest is-extglob@^2.1.1
368 silly packumentCache full:https://registry.npmjs.org/is-extglob cache-miss
369 http fetch GET 200 https://registry.npmjs.org/locate-path 256ms (cache miss)
370 silly packumentCache full:https://registry.npmjs.org/locate-path set size:undefined disposed:false
371 silly fetch manifest argparse@^2.0.1
372 silly packumentCache full:https://registry.npmjs.org/argparse cache-miss
373 http fetch GET 200 https://registry.npmjs.org/flat-cache 307ms (cache miss)
374 silly packumentCache full:https://registry.npmjs.org/flat-cache set size:undefined disposed:false
375 silly fetch manifest prelude-ls@^1.2.1
376 silly packumentCache full:https://registry.npmjs.org/prelude-ls cache-miss
377 http fetch GET 200 https://registry.npmjs.org/path-exists 230ms (cache miss)
378 silly packumentCache full:https://registry.npmjs.org/path-exists set size:undefined disposed:false
379 silly fetch manifest type-check@~0.4.0
380 silly packumentCache full:https://registry.npmjs.org/type-check cache-miss
381 http fetch GET 200 https://registry.npmjs.org/@humanwhocodes%2fobject-schema 1010ms (cache miss)
382 silly packumentCache full:https://registry.npmjs.org/@humanwhocodes%2fobject-schema set size:undefined disposed:false
383 silly fetch manifest brace-expansion@^1.1.7
384 silly packumentCache full:https://registry.npmjs.org/brace-expansion cache-miss
385 http fetch GET 200 https://registry.npmjs.org/@nodelib%2ffs.scandir 1046ms (cache miss)
386 silly packumentCache full:https://registry.npmjs.org/@nodelib%2ffs.scandir set size:undefined disposed:false
387 silly fetch manifest prelude-ls@^1.2.1
388 silly packumentCache full:https://registry.npmjs.org/prelude-ls cache-miss
389 http fetch GET 200 https://registry.npmjs.org/type-fest 387ms (cache miss)
390 silly packumentCache full:https://registry.npmjs.org/type-fest set size:undefined disposed:false
391 silly fetch manifest deep-is@^0.1.3
392 silly packumentCache full:https://registry.npmjs.org/deep-is cache-miss
393 http fetch GET 200 https://registry.npmjs.org/is-extglob 299ms (cache miss)
394 silly packumentCache full:https://registry.npmjs.org/is-extglob set size:undefined disposed:false
395 silly fetch manifest word-wrap@^1.2.5
396 silly packumentCache full:https://registry.npmjs.org/word-wrap cache-miss
397 http fetch GET 200 https://registry.npmjs.org/argparse 276ms (cache miss)
398 silly packumentCache full:https://registry.npmjs.org/argparse set size:undefined disposed:false
399 silly fetch manifest type-check@^0.4.0
400 silly packumentCache full:https://registry.npmjs.org/type-check cache-miss
401 http fetch GET 200 https://registry.npmjs.org/type-check 238ms (cache miss)
402 silly packumentCache full:https://registry.npmjs.org/type-check set size:undefined disposed:false
403 silly fetch manifest fast-levenshtein@^2.0.6
404 silly packumentCache full:https://registry.npmjs.org/fast-levenshtein cache-miss
405 http fetch GET 200 https://registry.npmjs.org/prelude-ls 273ms (cache miss)
406 silly packumentCache full:https://registry.npmjs.org/prelude-ls set size:undefined disposed:false
407 silly fetch manifest ansi-regex@^5.0.1
408 silly packumentCache full:https://registry.npmjs.org/ansi-regex cache-miss
409 http fetch GET 200 https://registry.npmjs.org/prelude-ls 76ms (cache miss)
410 silly packumentCache full:https://registry.npmjs.org/prelude-ls set size:undefined disposed:false
411 http cache https://registry.npmjs.org/type-check 30ms (cache hit)
412 silly packumentCache full:https://registry.npmjs.org/type-check set size:21221 disposed:false
413 http fetch GET 200 https://registry.npmjs.org/word-wrap 82ms (cache miss)
414 silly packumentCache full:https://registry.npmjs.org/word-wrap set size:undefined disposed:false
415 http fetch GET 200 https://registry.npmjs.org/ansi-regex 110ms (cache miss)
416 silly packumentCache full:https://registry.npmjs.org/ansi-regex set size:undefined disposed:false
417 http fetch GET 200 https://registry.npmjs.org/brace-expansion 274ms (cache miss)
418 silly packumentCache full:https://registry.npmjs.org/brace-expansion set size:undefined disposed:false
419 http fetch GET 200 https://registry.npmjs.org/deep-is 220ms (cache miss)
420 silly packumentCache full:https://registry.npmjs.org/deep-is set size:undefined disposed:false
421 http fetch GET 200 https://registry.npmjs.org/fast-levenshtein 246ms (cache miss)
422 silly packumentCache full:https://registry.npmjs.org/fast-levenshtein set size:undefined disposed:false
423 silly placeDep ROOT import-fresh@3.3.1 OK for: @eslint/eslintrc@2.1.4 want: ^3.2.1
424 silly placeDep ROOT strip-json-comments@3.1.1 OK for: @eslint/eslintrc@2.1.4 want: ^3.1.1
425 silly fetch manifest resolve-from@^4.0.0
426 silly packumentCache full:https://registry.npmjs.org/resolve-from cache-miss
427 silly fetch manifest parent-module@^1.0.0
428 silly packumentCache full:https://registry.npmjs.org/parent-module cache-miss
429 http fetch GET 200 https://registry.npmjs.org/resolve-from 64ms (cache miss)
430 silly packumentCache full:https://registry.npmjs.org/resolve-from set size:undefined disposed:false
431 http fetch GET 200 https://registry.npmjs.org/parent-module 71ms (cache miss)
432 silly packumentCache full:https://registry.npmjs.org/parent-module set size:undefined disposed:false
433 silly placeDep ROOT @humanwhocodes/object-schema@2.0.3 OK for: @humanwhocodes/config-array@0.13.0 want: ^2.0.3
434 silly placeDep ROOT @nodelib/fs.scandir@2.1.5 OK for: @nodelib/fs.walk@1.2.8 want: 2.1.5
435 silly placeDep ROOT fastq@1.20.1 OK for: @nodelib/fs.walk@1.2.8 want: ^1.6.0
436 silly fetch manifest run-parallel@^1.1.9
437 silly packumentCache full:https://registry.npmjs.org/run-parallel cache-miss
438 silly fetch manifest @nodelib/fs.stat@2.0.5
439 silly packumentCache full:https://registry.npmjs.org/@nodelib%2ffs.stat cache-miss
440 silly fetch manifest reusify@^1.0.4
441 silly packumentCache full:https://registry.npmjs.org/reusify cache-miss
442 http fetch GET 200 https://registry.npmjs.org/run-parallel 85ms (cache miss)
443 silly packumentCache full:https://registry.npmjs.org/run-parallel set size:undefined disposed:false
444 http fetch GET 200 https://registry.npmjs.org/reusify 237ms (cache miss)
445 silly packumentCache full:https://registry.npmjs.org/reusify set size:undefined disposed:false
446 http fetch GET 200 https://registry.npmjs.org/@nodelib%2ffs.stat 883ms (cache miss)
447 silly packumentCache full:https://registry.npmjs.org/@nodelib%2ffs.stat set size:undefined disposed:false
448 silly placeDep ROOT @nodelib/fs.stat@2.0.5 OK for: @nodelib/fs.scandir@2.1.5 want: 2.0.5
449 silly placeDep ROOT run-parallel@1.2.0 OK for: @nodelib/fs.scandir@2.1.5 want: ^1.1.9
450 silly fetch manifest queue-microtask@^1.2.2
451 silly packumentCache full:https://registry.npmjs.org/queue-microtask cache-miss
452 http fetch GET 200 https://registry.npmjs.org/queue-microtask 56ms (cache miss)
453 silly packumentCache full:https://registry.npmjs.org/queue-microtask set size:undefined disposed:false
454 silly placeDep ROOT fast-json-stable-stringify@2.1.0 OK for: ajv@6.15.0 want: ^2.0.0
455 silly placeDep ROOT json-schema-traverse@0.4.1 OK for: ajv@6.15.0 want: ^0.4.1
456 silly placeDep ROOT uri-js@4.4.1 OK for: ajv@6.15.0 want: ^4.2.2
457 silly fetch manifest punycode@^2.1.0
458 silly packumentCache full:https://registry.npmjs.org/punycode cache-miss
459 http fetch GET 200 https://registry.npmjs.org/punycode 281ms (cache miss)
460 silly packumentCache full:https://registry.npmjs.org/punycode set size:undefined disposed:false
461 silly placeDep ROOT ansi-styles@4.3.0 OK for: chalk@4.1.2 want: ^4.1.0
462 silly placeDep ROOT supports-color@7.2.0 OK for: chalk@4.1.2 want: ^7.1.0
463 silly fetch manifest color-convert@^2.0.1
464 silly packumentCache full:https://registry.npmjs.org/color-convert cache-miss
465 silly fetch manifest has-flag@^4.0.0
466 silly packumentCache full:https://registry.npmjs.org/has-flag cache-miss
467 http fetch GET 200 https://registry.npmjs.org/color-convert 81ms (cache miss)
468 silly packumentCache full:https://registry.npmjs.org/color-convert set size:undefined disposed:false
469 http fetch GET 200 https://registry.npmjs.org/has-flag 239ms (cache miss)
470 silly packumentCache full:https://registry.npmjs.org/has-flag set size:undefined disposed:false
471 silly placeDep ROOT color-convert@2.0.1 OK for: ansi-styles@4.3.0 want: ^2.0.1
472 silly fetch manifest color-name@~1.1.4
473 silly packumentCache full:https://registry.npmjs.org/color-name cache-miss
474 http fetch GET 200 https://registry.npmjs.org/color-name 75ms (cache miss)
475 silly packumentCache full:https://registry.npmjs.org/color-name set size:undefined disposed:false
476 silly placeDep ROOT color-name@1.1.4 OK for: color-convert@2.0.1 want: ~1.1.4
477 silly placeDep ROOT path-key@3.1.1 OK for: cross-spawn@7.0.6 want: ^3.1.0
478 silly placeDep ROOT shebang-command@2.0.0 OK for: cross-spawn@7.0.6 want: ^2.0.0
479 silly placeDep ROOT which@2.0.2 OK for: cross-spawn@7.0.6 want: ^2.0.1
480 silly fetch manifest shebang-regex@^3.0.0
481 silly packumentCache full:https://registry.npmjs.org/shebang-regex cache-miss
482 silly fetch manifest isexe@^2.0.0
483 silly packumentCache full:https://registry.npmjs.org/isexe cache-miss
484 http fetch GET 200 https://registry.npmjs.org/shebang-regex 75ms (cache miss)
485 silly packumentCache full:https://registry.npmjs.org/shebang-regex set size:undefined disposed:false
486 http fetch GET 200 https://registry.npmjs.org/isexe 104ms (cache miss)
487 silly packumentCache full:https://registry.npmjs.org/isexe set size:undefined disposed:false
488 silly placeDep ROOT ms@2.1.3 OK for: debug@4.4.3 want: ^2.1.3
489 silly fetch manifest eslint@^7.23.0 || ^8.0.0
490 silly packumentCache full:https://registry.npmjs.org/eslint cache-miss
491 http cache https://registry.npmjs.org/eslint 36ms (cache hit)
492 silly packumentCache full:https://registry.npmjs.org/eslint set size:2033084 disposed:false
493 silly fetch manifest typescript@>=3.3.1
494 silly packumentCache full:https://registry.npmjs.org/typescript cache-miss
495 http cache https://registry.npmjs.org/typescript 100ms (cache hit)
496 silly packumentCache full:https://registry.npmjs.org/typescript set size:15468070 disposed:false
497 silly fetch manifest typescript@>=4.8.4 <6.1.0
498 silly packumentCache full:https://registry.npmjs.org/typescript cache-miss
499 http cache https://registry.npmjs.org/typescript 123ms (cache hit)
500 silly packumentCache full:https://registry.npmjs.org/typescript set size:15468070 disposed:false
501 silly fetch manifest eslint-plugin-import-x@*
502 silly packumentCache full:https://registry.npmjs.org/eslint-plugin-import-x cache-miss
503 http fetch GET 200 https://registry.npmjs.org/eslint-plugin-import-x 283ms (cache miss)
504 silly packumentCache full:https://registry.npmjs.org/eslint-plugin-import-x set size:undefined disposed:false
505 silly fetch manifest @typescript-eslint/utils@^8.56.0
506 silly packumentCache full:https://registry.npmjs.org/@typescript-eslint%2futils cache-miss
507 http fetch GET 200 https://registry.npmjs.org/@typescript-eslint%2futils 2492ms (cache miss)
508 silly packumentCache full:https://registry.npmjs.org/@typescript-eslint%2futils set size:undefined disposed:false
509 silly placeDep ROOT @next/eslint-plugin-next@14.2.15 OK for: eslint-config-next@14.2.15 want: 14.2.15
510 silly placeDep ROOT @rushstack/eslint-patch@1.16.1 OK for: eslint-config-next@14.2.15 want: ^1.3.3
511 silly placeDep ROOT @typescript-eslint/eslint-plugin@8.65.0 OK for: eslint-config-next@14.2.15 want: ^5.4.2 || ^6.0.0 || ^7.0.0 || ^8.0.0
512 silly placeDep ROOT @typescript-eslint/parser@8.65.0 OK for: @typescript-eslint/eslint-plugin@8.65.0 want: ^8.65.0
513 silly placeDep ROOT eslint-import-resolver-node@0.3.10 OK for: eslint-config-next@14.2.15 want: ^0.3.6
514 silly placeDep ROOT eslint-import-resolver-typescript@3.10.1 OK for: eslint-config-next@14.2.15 want: ^3.5.2
515 silly placeDep ROOT eslint-plugin-import@2.32.0 OK for: eslint-config-next@14.2.15 want: ^2.28.1
516 silly placeDep ROOT eslint-plugin-jsx-a11y@6.10.2 OK for: eslint-config-next@14.2.15 want: ^6.7.1
517 silly placeDep ROOT eslint-plugin-react@7.37.5 OK for: eslint-config-next@14.2.15 want: ^7.33.2
518 silly placeDep ROOT eslint-plugin-react-hooks@5.0.0-canary-7118f5dd7-20230705 OK for: eslint-config-next@14.2.15 want: ^4.5.0 || 5.0.0-canary-7118f5dd7-20230705
519 silly fetch manifest glob@10.3.10
520 silly packumentCache full:https://registry.npmjs.org/glob cache-miss
521 silly fetch manifest ignore@^7.0.5
522 silly packumentCache full:https://registry.npmjs.org/ignore cache-miss
523 silly fetch manifest ts-api-utils@^2.5.0
524 silly packumentCache full:https://registry.npmjs.org/ts-api-utils cache-miss
525 silly fetch manifest @typescript-eslint/utils@8.65.0
526 silly packumentCache full:https://registry.npmjs.org/@typescript-eslint%2futils cache-miss
527 silly fetch manifest @typescript-eslint/type-utils@8.65.0
528 silly packumentCache full:https://registry.npmjs.org/@typescript-eslint%2ftype-utils cache-miss
529 silly fetch manifest @typescript-eslint/visitor-keys@8.65.0
530 silly packumentCache full:https://registry.npmjs.org/@typescript-eslint%2fvisitor-keys cache-miss
531 silly fetch manifest @typescript-eslint/scope-manager@8.65.0
532 silly packumentCache full:https://registry.npmjs.org/@typescript-eslint%2fscope-manager cache-miss
533 http cache https://registry.npmjs.org/ignore 17ms (cache hit)
534 silly packumentCache full:https://registry.npmjs.org/ignore set size:240910 disposed:false
535 silly fetch manifest @typescript-eslint/types@8.65.0
536 silly packumentCache full:https://registry.npmjs.org/@typescript-eslint%2ftypes cache-miss
537 http cache https://registry.npmjs.org/@typescript-eslint%2futils 57ms (cache hit)
538 silly packumentCache full:https://registry.npmjs.org/@typescript-eslint%2futils set size:10555209 disposed:false
539 silly fetch manifest @typescript-eslint/visitor-keys@8.65.0
540 silly packumentCache full:https://registry.npmjs.org/@typescript-eslint%2fvisitor-keys cache-miss
541 http fetch GET 200 https://registry.npmjs.org/glob 191ms (cache miss)
542 silly packumentCache full:https://registry.npmjs.org/glob set size:undefined disposed:false
543 silly fetch manifest @typescript-eslint/scope-manager@8.65.0
544 silly packumentCache full:https://registry.npmjs.org/@typescript-eslint%2fscope-manager cache-miss
545 http fetch GET 200 https://registry.npmjs.org/ts-api-utils 308ms (cache miss)
546 silly packumentCache full:https://registry.npmjs.org/ts-api-utils set size:undefined disposed:false
547 silly fetch manifest @typescript-eslint/typescript-estree@8.65.0
548 silly packumentCache full:https://registry.npmjs.org/@typescript-eslint%2ftypescript-estree cache-miss
549 http fetch GET 200 https://registry.npmjs.org/@typescript-eslint%2ftypes 7133ms (cache miss)
550 silly packumentCache full:https://registry.npmjs.org/@typescript-eslint%2ftypes set size:undefined disposed:false
551 silly fetch manifest debug@^3.2.7
552 silly packumentCache full:https://registry.npmjs.org/debug cache-hit
553 silly fetch manifest resolve@^2.0.0-next.6
554 silly packumentCache full:https://registry.npmjs.org/resolve cache-miss
555 http fetch GET 200 https://registry.npmjs.org/resolve 446ms (cache miss)
556 silly packumentCache full:https://registry.npmjs.org/resolve set size:undefined disposed:false
557 silly fetch manifest is-core-module@^2.16.1
558 silly packumentCache full:https://registry.npmjs.org/is-core-module cache-miss
559 http fetch GET 200 https://registry.npmjs.org/is-core-module 301ms (cache miss)
560 silly packumentCache full:https://registry.npmjs.org/is-core-module set size:undefined disposed:false
561 silly fetch manifest tinyglobby@^0.2.13
562 silly packumentCache full:https://registry.npmjs.org/tinyglobby cache-miss
563 http fetch GET 200 https://registry.npmjs.org/tinyglobby 124ms (cache miss)
564 silly packumentCache full:https://registry.npmjs.org/tinyglobby set size:undefined disposed:false
565 silly fetch manifest stable-hash@^0.0.5
566 silly packumentCache full:https://registry.npmjs.org/stable-hash cache-miss
567 http fetch GET 200 https://registry.npmjs.org/stable-hash 304ms (cache miss)
568 silly packumentCache full:https://registry.npmjs.org/stable-hash set size:undefined disposed:false
569 silly fetch manifest get-tsconfig@^4.10.0
570 silly packumentCache full:https://registry.npmjs.org/get-tsconfig cache-miss
571 http fetch GET 200 https://registry.npmjs.org/get-tsconfig 214ms (cache miss)
572 silly packumentCache full:https://registry.npmjs.org/get-tsconfig set size:undefined disposed:false
573 silly fetch manifest is-bun-module@^2.0.0
574 silly packumentCache full:https://registry.npmjs.org/is-bun-module cache-miss
575 http fetch GET 200 https://registry.npmjs.org/is-bun-module 359ms (cache miss)
576 silly packumentCache full:https://registry.npmjs.org/is-bun-module set size:undefined disposed:false
577 silly fetch manifest unrs-resolver@^1.6.2
578 silly packumentCache full:https://registry.npmjs.org/unrs-resolver cache-miss
579 http fetch GET 200 https://registry.npmjs.org/unrs-resolver 421ms (cache miss)
580 silly packumentCache full:https://registry.npmjs.org/unrs-resolver set size:undefined disposed:false
581 silly fetch manifest @nolyfill/is-core-module@1.0.39
582 silly packumentCache full:https://registry.npmjs.org/@nolyfill%2fis-core-module cache-miss
583 http fetch GET 200 https://registry.npmjs.org/@nolyfill%2fis-core-module 787ms (cache miss)
584 silly packumentCache full:https://registry.npmjs.org/@nolyfill%2fis-core-module set size:undefined disposed:false
585 silly fetch manifest @rtsao/scc@^1.1.0
586 silly packumentCache full:https://registry.npmjs.org/@rtsao%2fscc cache-miss
587 http fetch GET 200 https://registry.npmjs.org/@rtsao%2fscc 826ms (cache miss)
588 silly packumentCache full:https://registry.npmjs.org/@rtsao%2fscc set size:undefined disposed:false
589 silly fetch manifest array-includes@^3.1.9
590 silly packumentCache full:https://registry.npmjs.org/array-includes cache-miss
591 http fetch GET 200 https://registry.npmjs.org/@typescript-eslint%2ftype-utils 11110ms (cache miss)
592 silly packumentCache full:https://registry.npmjs.org/@typescript-eslint%2ftype-utils set size:undefined disposed:false
593 silly fetch manifest array.prototype.findlastindex@^1.2.6
594 silly packumentCache full:https://registry.npmjs.org/array.prototype.findlastindex cache-miss
595 http fetch GET 200 https://registry.npmjs.org/array-includes 377ms (cache miss)
596 silly packumentCache full:https://registry.npmjs.org/array-includes set size:undefined disposed:false
597 silly fetch manifest array.prototype.flat@^1.3.3
598 silly packumentCache full:https://registry.npmjs.org/array.prototype.flat cache-miss
599 http fetch GET 200 https://registry.npmjs.org/array.prototype.findlastindex 374ms (cache miss)
600 silly packumentCache full:https://registry.npmjs.org/array.prototype.findlastindex set size:undefined disposed:false
601 silly fetch manifest array.prototype.flatmap@^1.3.3
602 silly packumentCache full:https://registry.npmjs.org/array.prototype.flatmap cache-miss
603 http fetch GET 200 https://registry.npmjs.org/array.prototype.flat 337ms (cache miss)
604 silly packumentCache full:https://registry.npmjs.org/array.prototype.flat set size:undefined disposed:false
605 silly fetch manifest doctrine@^2.1.0
606 silly packumentCache full:https://registry.npmjs.org/doctrine cache-miss
607 http cache https://registry.npmjs.org/doctrine 10ms (cache hit)
608 silly packumentCache full:https://registry.npmjs.org/doctrine set size:64052 disposed:false
609 silly fetch manifest eslint-module-utils@^2.12.1
610 silly packumentCache full:https://registry.npmjs.org/eslint-module-utils cache-miss
611 http fetch GET 200 https://registry.npmjs.org/array.prototype.flatmap 382ms (cache miss)
612 silly packumentCache full:https://registry.npmjs.org/array.prototype.flatmap set size:undefined disposed:false
613 silly fetch manifest hasown@^2.0.2
614 silly packumentCache full:https://registry.npmjs.org/hasown cache-miss
615 http fetch GET 200 https://registry.npmjs.org/hasown 200ms (cache miss)
616 silly packumentCache full:https://registry.npmjs.org/hasown set size:undefined disposed:false
617 silly fetch manifest object.fromentries@^2.0.8
618 silly packumentCache full:https://registry.npmjs.org/object.fromentries cache-miss
619 http fetch GET 200 https://registry.npmjs.org/@typescript-eslint%2fvisitor-keys 12210ms (cache miss)
620 silly packumentCache full:https://registry.npmjs.org/@typescript-eslint%2fvisitor-keys set size:undefined disposed:false
621 silly fetch manifest object.groupby@^1.0.3
622 silly packumentCache full:https://registry.npmjs.org/object.groupby cache-miss
623 http fetch GET 200 https://registry.npmjs.org/eslint-module-utils 497ms (cache miss)
624 silly packumentCache full:https://registry.npmjs.org/eslint-module-utils set size:undefined disposed:false
625 silly fetch manifest object.values@^1.2.1
626 silly packumentCache full:https://registry.npmjs.org/object.values cache-miss
627 http fetch GET 200 https://registry.npmjs.org/object.fromentries 313ms (cache miss)
628 silly packumentCache full:https://registry.npmjs.org/object.fromentries set size:undefined disposed:false
629 silly fetch manifest semver@^6.3.1
630 silly packumentCache full:https://registry.npmjs.org/semver cache-miss
631 http fetch GET 200 https://registry.npmjs.org/object.groupby 262ms (cache miss)
632 silly packumentCache full:https://registry.npmjs.org/object.groupby set size:undefined disposed:false
633 silly fetch manifest string.prototype.trimend@^1.0.9
634 silly packumentCache full:https://registry.npmjs.org/string.prototype.trimend cache-miss
635 http fetch GET 200 https://registry.npmjs.org/@typescript-eslint%2fscope-manager 12406ms (cache miss)
636 silly packumentCache full:https://registry.npmjs.org/@typescript-eslint%2fscope-manager set size:undefined disposed:false
637 silly fetch manifest tsconfig-paths@^3.15.0
638 silly packumentCache full:https://registry.npmjs.org/tsconfig-paths cache-miss
639 http fetch GET 200 https://registry.npmjs.org/object.values 394ms (cache miss)
640 silly packumentCache full:https://registry.npmjs.org/object.values set size:undefined disposed:false
641 silly fetch manifest aria-query@^5.3.2
642 silly packumentCache full:https://registry.npmjs.org/aria-query cache-miss
643 http fetch GET 200 https://registry.npmjs.org/semver 282ms (cache miss)
644 silly packumentCache full:https://registry.npmjs.org/semver set size:undefined disposed:false
645 silly fetch manifest array-includes@^3.1.8
646 silly packumentCache full:https://registry.npmjs.org/array-includes cache-miss
647 http cache https://registry.npmjs.org/array-includes 21ms (cache hit)
648 silly packumentCache full:https://registry.npmjs.org/array-includes set size:77143 disposed:false
649 silly fetch manifest array.prototype.flatmap@^1.3.2
650 silly packumentCache full:https://registry.npmjs.org/array.prototype.flatmap cache-miss
651 http cache https://registry.npmjs.org/array.prototype.flatmap 23ms (cache hit)
652 silly packumentCache full:https://registry.npmjs.org/array.prototype.flatmap set size:51458 disposed:false
653 silly fetch manifest ast-types-flow@^0.0.8
654 silly packumentCache full:https://registry.npmjs.org/ast-types-flow cache-miss
655 http fetch GET 200 https://registry.npmjs.org/string.prototype.trimend 258ms (cache miss)
656 silly packumentCache full:https://registry.npmjs.org/string.prototype.trimend set size:undefined disposed:false
657 silly fetch manifest axe-core@^4.10.0
658 silly packumentCache full:https://registry.npmjs.org/axe-core cache-miss
659 http fetch GET 200 https://registry.npmjs.org/aria-query 347ms (cache miss)
660 silly packumentCache full:https://registry.npmjs.org/aria-query set size:undefined disposed:false
661 silly fetch manifest axobject-query@^4.1.0
662 silly packumentCache full:https://registry.npmjs.org/axobject-query cache-miss
663 http fetch GET 200 https://registry.npmjs.org/ast-types-flow 339ms (cache miss)
664 silly packumentCache full:https://registry.npmjs.org/ast-types-flow set size:undefined disposed:false
665 silly fetch manifest damerau-levenshtein@^1.0.8
666 silly packumentCache full:https://registry.npmjs.org/damerau-levenshtein cache-miss
667 http fetch GET 200 https://registry.npmjs.org/tsconfig-paths 525ms (cache miss)
668 silly packumentCache full:https://registry.npmjs.org/tsconfig-paths set size:undefined disposed:false
669 silly fetch manifest emoji-regex@^9.2.2
670 silly packumentCache full:https://registry.npmjs.org/emoji-regex cache-miss
671 http fetch GET 200 https://registry.npmjs.org/axobject-query 402ms (cache miss)
672 silly packumentCache full:https://registry.npmjs.org/axobject-query set size:undefined disposed:false
673 silly fetch manifest jsx-ast-utils@^3.3.5
674 silly packumentCache full:https://registry.npmjs.org/jsx-ast-utils cache-miss
675 http fetch GET 200 https://registry.npmjs.org/damerau-levenshtein 400ms (cache miss)
676 silly packumentCache full:https://registry.npmjs.org/damerau-levenshtein set size:undefined disposed:false
677 silly fetch manifest language-tags@^1.0.9
678 silly packumentCache full:https://registry.npmjs.org/language-tags cache-miss
679 http fetch GET 200 https://registry.npmjs.org/emoji-regex 461ms (cache miss)
680 silly packumentCache full:https://registry.npmjs.org/emoji-regex set size:undefined disposed:false
681 silly fetch manifest safe-regex-test@^1.0.3
682 silly packumentCache full:https://registry.npmjs.org/safe-regex-test cache-miss
683 http fetch GET 200 https://registry.npmjs.org/jsx-ast-utils 415ms (cache miss)
684 silly packumentCache full:https://registry.npmjs.org/jsx-ast-utils set size:undefined disposed:false
685 silly fetch manifest string.prototype.includes@^2.0.1
686 silly packumentCache full:https://registry.npmjs.org/string.prototype.includes cache-miss
687 http fetch GET 200 https://registry.npmjs.org/language-tags 409ms (cache miss)
688 silly packumentCache full:https://registry.npmjs.org/language-tags set size:undefined disposed:false
689 silly fetch manifest array.prototype.findlast@^1.2.5
690 silly packumentCache full:https://registry.npmjs.org/array.prototype.findlast cache-miss
691 http fetch GET 200 https://registry.npmjs.org/safe-regex-test 385ms (cache miss)
692 silly packumentCache full:https://registry.npmjs.org/safe-regex-test set size:undefined disposed:false
693 silly fetch manifest array.prototype.tosorted@^1.1.4
694 silly packumentCache full:https://registry.npmjs.org/array.prototype.tosorted cache-miss
695 http fetch GET 200 https://registry.npmjs.org/string.prototype.includes 360ms (cache miss)
696 silly packumentCache full:https://registry.npmjs.org/string.prototype.includes set size:undefined disposed:false
697 silly fetch manifest es-iterator-helpers@^1.2.1
698 silly packumentCache full:https://registry.npmjs.org/es-iterator-helpers cache-miss
699 http fetch GET 200 https://registry.npmjs.org/array.prototype.findlast 381ms (cache miss)
700 silly packumentCache full:https://registry.npmjs.org/array.prototype.findlast set size:undefined disposed:false
701 silly fetch manifest estraverse@^5.3.0
702 silly packumentCache full:https://registry.npmjs.org/estraverse cache-hit
703 silly fetch manifest jsx-ast-utils@^2.4.1 || ^3.0.0
704 silly packumentCache full:https://registry.npmjs.org/jsx-ast-utils cache-miss
705 http cache https://registry.npmjs.org/jsx-ast-utils 11ms (cache hit)
706 silly packumentCache full:https://registry.npmjs.org/jsx-ast-utils set size:115998 disposed:false
707 silly fetch manifest object.entries@^1.1.9
708 silly packumentCache full:https://registry.npmjs.org/object.entries cache-miss
709 http fetch GET 200 https://registry.npmjs.org/array.prototype.tosorted 313ms (cache miss)
710 silly packumentCache full:https://registry.npmjs.org/array.prototype.tosorted set size:undefined disposed:false
711 silly fetch manifest prop-types@^15.8.1
712 silly packumentCache full:https://registry.npmjs.org/prop-types cache-miss
713 http fetch GET 200 https://registry.npmjs.org/es-iterator-helpers 335ms (cache miss)
714 silly packumentCache full:https://registry.npmjs.org/es-iterator-helpers set size:undefined disposed:false
715 silly fetch manifest resolve@^2.0.0-next.5
716 silly packumentCache full:https://registry.npmjs.org/resolve cache-miss
717 http cache https://registry.npmjs.org/resolve 13ms (cache hit)
718 silly packumentCache full:https://registry.npmjs.org/resolve set size:244568 disposed:false
719 silly fetch manifest string.prototype.matchall@^4.0.12
720 silly packumentCache full:https://registry.npmjs.org/string.prototype.matchall cache-miss
721 http fetch GET 200 https://registry.npmjs.org/object.entries 324ms (cache miss)
722 silly packumentCache full:https://registry.npmjs.org/object.entries set size:undefined disposed:false
723 silly fetch manifest string.prototype.repeat@^1.0.0
724 silly packumentCache full:https://registry.npmjs.org/string.prototype.repeat cache-miss
725 http fetch GET 200 https://registry.npmjs.org/prop-types 496ms (cache miss)
726 silly packumentCache full:https://registry.npmjs.org/prop-types set size:undefined disposed:false
727 http fetch GET 200 https://registry.npmjs.org/string.prototype.matchall 337ms (cache miss)
728 silly packumentCache full:https://registry.npmjs.org/string.prototype.matchall set size:undefined disposed:false
729 http fetch GET 200 https://registry.npmjs.org/string.prototype.repeat 1286ms (cache miss)
730 silly packumentCache full:https://registry.npmjs.org/string.prototype.repeat set size:undefined disposed:false
731 http fetch GET 200 https://registry.npmjs.org/@typescript-eslint%2fvisitor-keys 16745ms (cache miss)
732 silly packumentCache full:https://registry.npmjs.org/@typescript-eslint%2fvisitor-keys set size:undefined disposed:false
733 http fetch GET 200 https://registry.npmjs.org/@typescript-eslint%2ftypescript-estree 16979ms (cache miss)
734 silly packumentCache full:https://registry.npmjs.org/@typescript-eslint%2ftypescript-estree set size:undefined disposed:false
735 http fetch GET 200 https://registry.npmjs.org/axe-core 4955ms (cache miss)
736 silly packumentCache full:https://registry.npmjs.org/axe-core set size:undefined disposed:false
737 http fetch GET 200 https://registry.npmjs.org/@typescript-eslint%2fscope-manager 18737ms (cache miss)
738 silly packumentCache full:https://registry.npmjs.org/@typescript-eslint%2fscope-manager set size:undefined disposed:false
739 silly placeDep ROOT glob@10.3.10 OK for: @next/eslint-plugin-next@14.2.15 want: 10.3.10
740 silly fetch manifest minipass@^5.0.0 || ^6.0.2 || ^7.0.0
741 silly packumentCache full:https://registry.npmjs.org/minipass cache-miss
742 silly fetch manifest jackspeak@^2.3.5
743 silly packumentCache full:https://registry.npmjs.org/jackspeak cache-miss
744 silly fetch manifest minimatch@^9.0.1
745 silly packumentCache full:https://registry.npmjs.org/minimatch cache-hit
746 silly fetch manifest path-scurry@^1.10.1
747 silly packumentCache full:https://registry.npmjs.org/path-scurry cache-miss
748 silly fetch manifest foreground-child@^3.1.0
749 silly packumentCache full:https://registry.npmjs.org/foreground-child cache-miss
750 http fetch GET 200 https://registry.npmjs.org/path-scurry 155ms (cache miss)
751 silly packumentCache full:https://registry.npmjs.org/path-scurry set size:undefined disposed:false
752 http fetch GET 200 https://registry.npmjs.org/foreground-child 168ms (cache miss)
753 silly packumentCache full:https://registry.npmjs.org/foreground-child set size:undefined disposed:false
754 http fetch GET 200 https://registry.npmjs.org/jackspeak 365ms (cache miss)
755 silly packumentCache full:https://registry.npmjs.org/jackspeak set size:undefined disposed:false
756 http fetch GET 200 https://registry.npmjs.org/minipass 565ms (cache miss)
757 silly packumentCache full:https://registry.npmjs.org/minipass set size:undefined disposed:false
758 silly fetch manifest eslint@^8.57.0 || ^9.0.0 || ^10.0.0
759 silly packumentCache full:https://registry.npmjs.org/eslint cache-miss
760 http cache https://registry.npmjs.org/eslint 46ms (cache hit)
761 silly packumentCache full:https://registry.npmjs.org/eslint set size:2033084 disposed:false
762 silly placeDep ROOT @typescript-eslint/scope-manager@8.65.0 OK for: @typescript-eslint/eslint-plugin@8.65.0 want: 8.65.0
763 silly placeDep ROOT @typescript-eslint/type-utils@8.65.0 OK for: @typescript-eslint/eslint-plugin@8.65.0 want: 8.65.0
764 silly placeDep ROOT @typescript-eslint/utils@8.65.0 OK for: @typescript-eslint/eslint-plugin@8.65.0 want: 8.65.0
765 silly placeDep ROOT @typescript-eslint/visitor-keys@8.65.0 OK for: @typescript-eslint/eslint-plugin@8.65.0 want: 8.65.0
766 silly placeDep node_modules/@typescript-eslint/eslint-plugin ignore@7.0.6 OK for: @typescript-eslint/eslint-plugin@8.65.0 want: ^7.0.5
767 silly placeDep ROOT ts-api-utils@2.5.0 OK for: @typescript-eslint/eslint-plugin@8.65.0 want: ^2.5.0
768 silly fetch manifest eslint-visitor-keys@^5.0.0
769 silly packumentCache full:https://registry.npmjs.org/eslint-visitor-keys cache-miss
770 http cache https://registry.npmjs.org/eslint-visitor-keys 470ms (cache hit)
771 silly packumentCache full:https://registry.npmjs.org/eslint-visitor-keys set size:69949 disposed:false
772 silly placeDep ROOT @typescript-eslint/types@8.65.0 OK for: @typescript-eslint/parser@8.65.0 want: 8.65.0
773 silly placeDep ROOT @typescript-eslint/typescript-estree@8.65.0 OK for: @typescript-eslint/parser@8.65.0 want: 8.65.0
774 silly fetch manifest semver@^7.7.3
775 silly packumentCache full:https://registry.npmjs.org/semver cache-miss
776 silly fetch manifest minimatch@^10.2.2
777 silly packumentCache full:https://registry.npmjs.org/minimatch cache-hit
778 silly fetch manifest tinyglobby@^0.2.15
779 silly packumentCache full:https://registry.npmjs.org/tinyglobby cache-miss
780 silly fetch manifest @typescript-eslint/tsconfig-utils@8.65.0
781 silly packumentCache full:https://registry.npmjs.org/@typescript-eslint%2ftsconfig-utils cache-miss
782 silly fetch manifest @typescript-eslint/project-service@8.65.0
783 silly packumentCache full:https://registry.npmjs.org/@typescript-eslint%2fproject-service cache-miss
784 http cache https://registry.npmjs.org/tinyglobby 228ms (cache hit)
785 silly packumentCache full:https://registry.npmjs.org/tinyglobby set size:54291 disposed:false
786 http cache https://registry.npmjs.org/semver 345ms (cache hit)
787 silly packumentCache full:https://registry.npmjs.org/semver set size:246069 disposed:false
788 http fetch GET 200 https://registry.npmjs.org/@typescript-eslint%2ftsconfig-utils 1610ms (cache miss)
789 silly packumentCache full:https://registry.npmjs.org/@typescript-eslint%2ftsconfig-utils set size:undefined disposed:false
790 http fetch GET 200 https://registry.npmjs.org/@typescript-eslint%2fproject-service 1638ms (cache miss)
791 silly packumentCache full:https://registry.npmjs.org/@typescript-eslint%2fproject-service set size:undefined disposed:false
792 silly placeDep ROOT @typescript-eslint/project-service@8.65.0 OK for: @typescript-eslint/typescript-estree@8.65.0 want: 8.65.0
793 silly placeDep ROOT @typescript-eslint/tsconfig-utils@8.65.0 OK for: @typescript-eslint/typescript-estree@8.65.0 want: 8.65.0
794 silly placeDep node_modules/@typescript-eslint/typescript-estree minimatch@10.2.5 OK for: @typescript-eslint/typescript-estree@8.65.0 want: ^10.2.2
795 silly placeDep ROOT semver@7.8.5 OK for: @typescript-eslint/typescript-estree@8.65.0 want: ^7.7.3
796 silly placeDep ROOT tinyglobby@0.2.17 OK for: @typescript-eslint/typescript-estree@8.65.0 want: ^0.2.15
797 silly fetch manifest @typescript-eslint/tsconfig-utils@^8.65.0
798 silly packumentCache full:https://registry.npmjs.org/@typescript-eslint%2ftsconfig-utils cache-miss
799 silly fetch manifest brace-expansion@^5.0.5
800 silly packumentCache full:https://registry.npmjs.org/brace-expansion cache-miss
801 silly fetch manifest fdir@^6.5.0
802 silly packumentCache full:https://registry.npmjs.org/fdir cache-miss
803 silly fetch manifest picomatch@^4.0.4
804 silly packumentCache full:https://registry.npmjs.org/picomatch cache-miss
805 http cache https://registry.npmjs.org/brace-expansion 44ms (cache hit)
806 silly packumentCache full:https://registry.npmjs.org/brace-expansion set size:83856 disposed:false
807 http cache https://registry.npmjs.org/@typescript-eslint%2ftsconfig-utils 56ms (cache hit)
808 silly packumentCache full:https://registry.npmjs.org/@typescript-eslint%2ftsconfig-utils set size:1587335 disposed:false
809 http fetch GET 200 https://registry.npmjs.org/fdir 108ms (cache miss)
810 silly packumentCache full:https://registry.npmjs.org/fdir set size:undefined disposed:false
811 http fetch GET 200 https://registry.npmjs.org/picomatch 151ms (cache miss)
812 silly packumentCache full:https://registry.npmjs.org/picomatch set size:undefined disposed:false
813 silly placeDep node_modules/@typescript-eslint/visitor-keys eslint-visitor-keys@5.0.1 OK for: @typescript-eslint/visitor-keys@8.65.0 want: ^5.0.0
814 silly placeDep node_modules/eslint-import-resolver-node debug@3.2.7 OK for: eslint-import-resolver-node@0.3.10 want: ^3.2.7
815 silly placeDep ROOT is-core-module@2.16.2 OK for: eslint-import-resolver-node@0.3.10 want: ^2.16.1
816 silly placeDep ROOT resolve@2.0.0-next.7 OK for: eslint-import-resolver-node@0.3.10 want: ^2.0.0-next.6
817 silly fetch manifest hasown@^2.0.3
818 silly packumentCache full:https://registry.npmjs.org/hasown cache-miss
819 silly fetch manifest es-errors@^1.3.0
820 silly packumentCache full:https://registry.npmjs.org/es-errors cache-miss
821 silly fetch manifest node-exports-info@^1.6.0
822 silly packumentCache full:https://registry.npmjs.org/node-exports-info cache-miss
823 silly fetch manifest object-keys@^1.1.1
824 silly packumentCache full:https://registry.npmjs.org/object-keys cache-miss
825 silly fetch manifest path-parse@^1.0.7
826 silly packumentCache full:https://registry.npmjs.org/path-parse cache-miss
827 silly fetch manifest supports-preserve-symlinks-flag@^1.0.0
828 silly packumentCache full:https://registry.npmjs.org/supports-preserve-symlinks-flag cache-miss
829 http cache https://registry.npmjs.org/hasown 26ms (cache hit)
830 silly packumentCache full:https://registry.npmjs.org/hasown set size:18361 disposed:false
831 http fetch GET 200 https://registry.npmjs.org/es-errors 245ms (cache miss)
832 silly packumentCache full:https://registry.npmjs.org/es-errors set size:undefined disposed:false
833 http fetch GET 200 https://registry.npmjs.org/path-parse 261ms (cache miss)
834 silly packumentCache full:https://registry.npmjs.org/path-parse set size:undefined disposed:false
835 http fetch GET 200 https://registry.npmjs.org/supports-preserve-symlinks-flag 267ms (cache miss)
836 silly packumentCache full:https://registry.npmjs.org/supports-preserve-symlinks-flag set size:undefined disposed:false
837 http fetch GET 200 https://registry.npmjs.org/node-exports-info 274ms (cache miss)
838 silly packumentCache full:https://registry.npmjs.org/node-exports-info set size:undefined disposed:false
839 http fetch GET 200 https://registry.npmjs.org/object-keys 277ms (cache miss)
840 silly packumentCache full:https://registry.npmjs.org/object-keys set size:undefined disposed:false
841 silly placeDep ROOT @nolyfill/is-core-module@1.0.39 OK for: eslint-import-resolver-typescript@3.10.1 want: 1.0.39
842 silly placeDep ROOT get-tsconfig@4.14.0 OK for: eslint-import-resolver-typescript@3.10.1 want: ^4.10.0
843 silly placeDep ROOT is-bun-module@2.0.0 OK for: eslint-import-resolver-typescript@3.10.1 want: ^2.0.0
844 silly placeDep ROOT stable-hash@0.0.5 OK for: eslint-import-resolver-typescript@3.10.1 want: ^0.0.5
845 silly placeDep ROOT unrs-resolver@1.12.2 OK for: eslint-import-resolver-typescript@3.10.1 want: ^1.6.2
846 silly fetch manifest resolve-pkg-maps@^1.0.0
847 silly packumentCache full:https://registry.npmjs.org/resolve-pkg-maps cache-miss
848 silly fetch manifest napi-postinstall@^0.3.4
849 silly packumentCache full:https://registry.npmjs.org/napi-postinstall cache-miss
850 silly fetch manifest @unrs/resolver-binding-darwin-arm64@1.12.2
851 silly packumentCache full:https://registry.npmjs.org/@unrs%2fresolver-binding-darwin-arm64 cache-miss
852 silly fetch manifest @unrs/resolver-binding-android-arm64@1.12.2
853 silly packumentCache full:https://registry.npmjs.org/@unrs%2fresolver-binding-android-arm64 cache-miss
854 silly fetch manifest @unrs/resolver-binding-win32-arm64-msvc@1.12.2
855 silly packumentCache full:https://registry.npmjs.org/@unrs%2fresolver-binding-win32-arm64-msvc cache-miss
856 silly fetch manifest @unrs/resolver-binding-linux-arm64-gnu@1.12.2
857 silly packumentCache full:https://registry.npmjs.org/@unrs%2fresolver-binding-linux-arm64-gnu cache-miss
858 silly fetch manifest @unrs/resolver-binding-linux-arm64-musl@1.12.2
859 silly packumentCache full:https://registry.npmjs.org/@unrs%2fresolver-binding-linux-arm64-musl cache-miss
860 http fetch GET 200 https://registry.npmjs.org/resolve-pkg-maps 55ms (cache miss)
861 silly packumentCache full:https://registry.npmjs.org/resolve-pkg-maps set size:undefined disposed:false
862 silly fetch manifest @unrs/resolver-binding-openharmony-arm64@1.12.2
863 silly packumentCache full:https://registry.npmjs.org/@unrs%2fresolver-binding-openharmony-arm64 cache-miss
864 http fetch GET 200 https://registry.npmjs.org/napi-postinstall 238ms (cache miss)
865 silly packumentCache full:https://registry.npmjs.org/napi-postinstall set size:undefined disposed:false
866 silly fetch manifest @unrs/resolver-binding-android-arm-eabi@1.12.2
867 silly packumentCache full:https://registry.npmjs.org/@unrs%2fresolver-binding-android-arm-eabi cache-miss
868 http fetch GET 200 https://registry.npmjs.org/@unrs%2fresolver-binding-win32-arm64-msvc 361ms (cache miss)
869 silly packumentCache full:https://registry.npmjs.org/@unrs%2fresolver-binding-win32-arm64-msvc set size:undefined disposed:false
870 silly fetch manifest @unrs/resolver-binding-linux-arm-gnueabihf@1.12.2
871 silly packumentCache full:https://registry.npmjs.org/@unrs%2fresolver-binding-linux-arm-gnueabihf cache-miss
872 http fetch GET 200 https://registry.npmjs.org/@unrs%2fresolver-binding-android-arm64 783ms (cache miss)
873 silly packumentCache full:https://registry.npmjs.org/@unrs%2fresolver-binding-android-arm64 set size:undefined disposed:false
874 silly fetch manifest @unrs/resolver-binding-linux-arm-musleabihf@1.12.2
875 silly packumentCache full:https://registry.npmjs.org/@unrs%2fresolver-binding-linux-arm-musleabihf cache-miss
876 http fetch GET 200 https://registry.npmjs.org/@unrs%2fresolver-binding-openharmony-arm64 784ms (cache miss)
877 silly packumentCache full:https://registry.npmjs.org/@unrs%2fresolver-binding-openharmony-arm64 set size:undefined disposed:false
878 silly fetch manifest @unrs/resolver-binding-win32-ia32-msvc@1.12.2
879 silly packumentCache full:https://registry.npmjs.org/@unrs%2fresolver-binding-win32-ia32-msvc cache-miss
880 http fetch GET 200 https://registry.npmjs.org/@unrs%2fresolver-binding-darwin-arm64 1017ms (cache miss)
881 silly packumentCache full:https://registry.npmjs.org/@unrs%2fresolver-binding-darwin-arm64 set size:undefined disposed:false
882 silly fetch manifest @unrs/resolver-binding-linux-loong64-gnu@1.12.2
883 silly packumentCache full:https://registry.npmjs.org/@unrs%2fresolver-binding-linux-loong64-gnu cache-miss
884 http fetch GET 200 https://registry.npmjs.org/@unrs%2fresolver-binding-android-arm-eabi 815ms (cache miss)
885 silly packumentCache full:https://registry.npmjs.org/@unrs%2fresolver-binding-android-arm-eabi set size:undefined disposed:false
886 silly fetch manifest @unrs/resolver-binding-linux-loong64-musl@1.12.2
887 silly packumentCache full:https://registry.npmjs.org/@unrs%2fresolver-binding-linux-loong64-musl cache-miss
888 http fetch GET 200 https://registry.npmjs.org/@unrs%2fresolver-binding-linux-arm64-gnu 1089ms (cache miss)
889 silly packumentCache full:https://registry.npmjs.org/@unrs%2fresolver-binding-linux-arm64-gnu set size:undefined disposed:false
890 silly fetch manifest @unrs/resolver-binding-linux-ppc64-gnu@1.12.2
891 silly packumentCache full:https://registry.npmjs.org/@unrs%2fresolver-binding-linux-ppc64-gnu cache-miss
892 http fetch GET 200 https://registry.npmjs.org/@unrs%2fresolver-binding-linux-arm64-musl 1095ms (cache miss)
893 silly packumentCache full:https://registry.npmjs.org/@unrs%2fresolver-binding-linux-arm64-musl set size:undefined disposed:false
894 silly fetch manifest @unrs/resolver-binding-linux-riscv64-gnu@1.12.2
895 silly packumentCache full:https://registry.npmjs.org/@unrs%2fresolver-binding-linux-riscv64-gnu cache-miss
896 http fetch GET 200 https://registry.npmjs.org/@unrs%2fresolver-binding-linux-arm-gnueabihf 738ms (cache miss)
897 silly packumentCache full:https://registry.npmjs.org/@unrs%2fresolver-binding-linux-arm-gnueabihf set size:undefined disposed:false
898 silly fetch manifest @unrs/resolver-binding-linux-riscv64-musl@1.12.2
899 silly packumentCache full:https://registry.npmjs.org/@unrs%2fresolver-binding-linux-riscv64-musl cache-miss
900 http fetch GET 200 https://registry.npmjs.org/@unrs%2fresolver-binding-linux-arm-musleabihf 351ms (cache miss)
901 silly packumentCache full:https://registry.npmjs.org/@unrs%2fresolver-binding-linux-arm-musleabihf set size:undefined disposed:false
902 silly fetch manifest @unrs/resolver-binding-linux-s390x-gnu@1.12.2
903 silly packumentCache full:https://registry.npmjs.org/@unrs%2fresolver-binding-linux-s390x-gnu cache-miss
904 http fetch GET 200 https://registry.npmjs.org/@unrs%2fresolver-binding-win32-ia32-msvc 399ms (cache miss)
905 silly packumentCache full:https://registry.npmjs.org/@unrs%2fresolver-binding-win32-ia32-msvc set size:undefined disposed:false
906 silly fetch manifest @unrs/resolver-binding-wasm32-wasi@1.12.2
907 silly packumentCache full:https://registry.npmjs.org/@unrs%2fresolver-binding-wasm32-wasi cache-miss
908 http fetch GET 200 https://registry.npmjs.org/@unrs%2fresolver-binding-linux-ppc64-gnu 370ms (cache miss)
909 silly packumentCache full:https://registry.npmjs.org/@unrs%2fresolver-binding-linux-ppc64-gnu set size:undefined disposed:false
910 silly fetch manifest @unrs/resolver-binding-darwin-x64@1.12.2
911 silly packumentCache full:https://registry.npmjs.org/@unrs%2fresolver-binding-darwin-x64 cache-miss
912 http fetch GET 200 https://registry.npmjs.org/@unrs%2fresolver-binding-linux-loong64-musl 542ms (cache miss)
913 silly packumentCache full:https://registry.npmjs.org/@unrs%2fresolver-binding-linux-loong64-musl set size:undefined disposed:false
914 silly fetch manifest @unrs/resolver-binding-win32-x64-msvc@1.12.2
915 silly packumentCache full:https://registry.npmjs.org/@unrs%2fresolver-binding-win32-x64-msvc cache-miss
916 http fetch GET 200 https://registry.npmjs.org/@unrs%2fresolver-binding-linux-riscv64-musl 526ms (cache miss)
917 silly packumentCache full:https://registry.npmjs.org/@unrs%2fresolver-binding-linux-riscv64-musl set size:undefined disposed:false
918 silly fetch manifest @unrs/resolver-binding-freebsd-x64@1.12.2
919 silly packumentCache full:https://registry.npmjs.org/@unrs%2fresolver-binding-freebsd-x64 cache-miss
920 http fetch GET 200 https://registry.npmjs.org/@unrs%2fresolver-binding-linux-riscv64-gnu 711ms (cache miss)
921 silly packumentCache full:https://registry.npmjs.org/@unrs%2fresolver-binding-linux-riscv64-gnu set size:undefined disposed:false
922 silly fetch manifest @unrs/resolver-binding-linux-x64-gnu@1.12.2
923 silly packumentCache full:https://registry.npmjs.org/@unrs%2fresolver-binding-linux-x64-gnu cache-miss
924 http fetch GET 200 https://registry.npmjs.org/@unrs%2fresolver-binding-linux-s390x-gnu 672ms (cache miss)
925 silly packumentCache full:https://registry.npmjs.org/@unrs%2fresolver-binding-linux-s390x-gnu set size:undefined disposed:false
926 silly fetch manifest @unrs/resolver-binding-linux-x64-musl@1.12.2
927 silly packumentCache full:https://registry.npmjs.org/@unrs%2fresolver-binding-linux-x64-musl cache-miss
928 http fetch GET 200 https://registry.npmjs.org/@unrs%2fresolver-binding-linux-loong64-gnu 854ms (cache miss)
929 silly packumentCache full:https://registry.npmjs.org/@unrs%2fresolver-binding-linux-loong64-gnu set size:undefined disposed:false
930 http fetch GET 200 https://registry.npmjs.org/@unrs%2fresolver-binding-wasm32-wasi 697ms (cache miss)
931 silly packumentCache full:https://registry.npmjs.org/@unrs%2fresolver-binding-wasm32-wasi set size:undefined disposed:false
932 http fetch GET 200 https://registry.npmjs.org/@unrs%2fresolver-binding-darwin-x64 715ms (cache miss)
933 silly packumentCache full:https://registry.npmjs.org/@unrs%2fresolver-binding-darwin-x64 set size:undefined disposed:false
934 http fetch GET 200 https://registry.npmjs.org/@unrs%2fresolver-binding-win32-x64-msvc 679ms (cache miss)
935 silly packumentCache full:https://registry.npmjs.org/@unrs%2fresolver-binding-win32-x64-msvc set size:undefined disposed:false
936 http fetch GET 200 https://registry.npmjs.org/@unrs%2fresolver-binding-freebsd-x64 682ms (cache miss)
937 silly packumentCache full:https://registry.npmjs.org/@unrs%2fresolver-binding-freebsd-x64 set size:undefined disposed:false
938 http fetch GET 200 https://registry.npmjs.org/@unrs%2fresolver-binding-linux-x64-musl 586ms (cache miss)
939 silly packumentCache full:https://registry.npmjs.org/@unrs%2fresolver-binding-linux-x64-musl set size:undefined disposed:false
940 http fetch GET 200 https://registry.npmjs.org/@unrs%2fresolver-binding-linux-x64-gnu 766ms (cache miss)
941 silly packumentCache full:https://registry.npmjs.org/@unrs%2fresolver-binding-linux-x64-gnu set size:undefined disposed:false
942 silly placeDep ROOT @rtsao/scc@1.1.0 OK for: eslint-plugin-import@2.32.0 want: ^1.1.0
943 silly placeDep ROOT array-includes@3.1.9 OK for: eslint-plugin-import@2.32.0 want: ^3.1.9
944 silly placeDep ROOT array.prototype.findlastindex@1.2.6 OK for: eslint-plugin-import@2.32.0 want: ^1.2.6
945 silly placeDep ROOT array.prototype.flat@1.3.3 OK for: eslint-plugin-import@2.32.0 want: ^1.3.3
946 silly placeDep ROOT array.prototype.flatmap@1.3.3 OK for: eslint-plugin-import@2.32.0 want: ^1.3.3
947 silly placeDep node_modules/eslint-plugin-import debug@3.2.7 OK for: eslint-plugin-import@2.32.0 want: ^3.2.7
948 silly placeDep node_modules/eslint-plugin-import doctrine@2.1.0 OK for: eslint-plugin-import@2.32.0 want: ^2.1.0
949 silly placeDep ROOT eslint-module-utils@2.14.0 OK for: eslint-plugin-import@2.32.0 want: ^2.12.1
950 silly placeDep ROOT hasown@2.0.4 OK for: eslint-plugin-import@2.32.0 want: ^2.0.2
951 silly placeDep ROOT object.fromentries@2.0.8 OK for: eslint-plugin-import@2.32.0 want: ^2.0.8
952 silly placeDep ROOT object.groupby@1.0.3 OK for: eslint-plugin-import@2.32.0 want: ^1.0.3
953 silly placeDep ROOT object.values@1.2.1 OK for: eslint-plugin-import@2.32.0 want: ^1.2.1
954 silly placeDep node_modules/eslint-plugin-import semver@6.3.1 OK for: eslint-plugin-import@2.32.0 want: ^6.3.1
955 silly placeDep ROOT string.prototype.trimend@1.0.10 OK for: eslint-plugin-import@2.32.0 want: ^1.0.9
956 silly placeDep ROOT tsconfig-paths@3.15.0 OK for: eslint-plugin-import@2.32.0 want: ^3.15.0
957 silly fetch manifest call-bind@^1.0.8
958 silly packumentCache full:https://registry.npmjs.org/call-bind cache-miss
959 silly fetch manifest call-bound@^1.0.4
960 silly packumentCache full:https://registry.npmjs.org/call-bound cache-miss
961 silly fetch manifest define-properties@^1.2.1
962 silly packumentCache full:https://registry.npmjs.org/define-properties cache-miss
963 silly fetch manifest es-abstract@^1.24.0
964 silly packumentCache full:https://registry.npmjs.org/es-abstract cache-miss
965 silly fetch manifest es-object-atoms@^1.1.1
966 silly packumentCache full:https://registry.npmjs.org/es-object-atoms cache-miss
967 silly fetch manifest get-intrinsic@^1.3.0
968 silly packumentCache full:https://registry.npmjs.org/get-intrinsic cache-miss
969 silly fetch manifest is-string@^1.1.1
970 silly packumentCache full:https://registry.npmjs.org/is-string cache-miss
971 http fetch GET 200 https://registry.npmjs.org/call-bound 58ms (cache miss)
972 silly packumentCache full:https://registry.npmjs.org/call-bound set size:undefined disposed:false
973 silly fetch manifest math-intrinsics@^1.1.0
974 silly packumentCache full:https://registry.npmjs.org/math-intrinsics cache-miss
975 http fetch GET 200 https://registry.npmjs.org/get-intrinsic 89ms (cache miss)
976 silly packumentCache full:https://registry.npmjs.org/get-intrinsic set size:undefined disposed:false
977 silly fetch manifest call-bind@^1.0.8
978 silly packumentCache full:https://registry.npmjs.org/call-bind cache-miss
979 http fetch GET 200 https://registry.npmjs.org/is-string 247ms (cache miss)
980 silly packumentCache full:https://registry.npmjs.org/is-string set size:undefined disposed:false
981 silly fetch manifest define-properties@^1.2.1
982 silly packumentCache full:https://registry.npmjs.org/define-properties cache-miss
983 http fetch GET 200 https://registry.npmjs.org/es-object-atoms 253ms (cache miss)
984 silly packumentCache full:https://registry.npmjs.org/es-object-atoms set size:undefined disposed:false
985 silly fetch manifest es-abstract@^1.23.9
986 silly packumentCache full:https://registry.npmjs.org/es-abstract cache-miss
987 http fetch GET 200 https://registry.npmjs.org/define-properties 258ms (cache miss)
988 silly packumentCache full:https://registry.npmjs.org/define-properties set size:undefined disposed:false
989 silly fetch manifest es-shim-unscopables@^1.1.0
990 silly packumentCache full:https://registry.npmjs.org/es-shim-unscopables cache-miss
991 http cache https://registry.npmjs.org/define-properties 23ms (cache hit)
992 silly packumentCache full:https://registry.npmjs.org/define-properties set size:31491 disposed:false
993 silly fetch manifest call-bind@^1.0.8
994 silly packumentCache full:https://registry.npmjs.org/call-bind cache-miss
995 http fetch GET 200 https://registry.npmjs.org/call-bind 286ms (cache miss)
996 silly packumentCache full:https://registry.npmjs.org/call-bind set size:undefined disposed:false
997 silly fetch manifest es-abstract@^1.23.5
998 silly packumentCache full:https://registry.npmjs.org/es-abstract cache-miss
999 http fetch GET 200 https://registry.npmjs.org/call-bind 201ms (cache miss)
1000 silly packumentCache full:https://registry.npmjs.org/call-bind set size:undefined disposed:false
1001 silly fetch manifest es-shim-unscopables@^1.0.2
1002 silly packumentCache full:https://registry.npmjs.org/es-shim-unscopables cache-miss
1003 http fetch GET 200 https://registry.npmjs.org/math-intrinsics 246ms (cache miss)
1004 silly packumentCache full:https://registry.npmjs.org/math-intrinsics set size:undefined disposed:false
1005 silly fetch manifest es-abstract@^1.23.5
1006 silly packumentCache full:https://registry.npmjs.org/es-abstract cache-miss
1007 http fetch GET 200 https://registry.npmjs.org/call-bind 86ms (cache miss)
1008 silly packumentCache full:https://registry.npmjs.org/call-bind set size:undefined disposed:false
1009 silly fetch manifest es-shim-unscopables@^1.0.2
1010 silly packumentCache full:https://registry.npmjs.org/es-shim-unscopables cache-miss
1011 http fetch GET 200 https://registry.npmjs.org/es-abstract 432ms (cache miss)
1012 silly packumentCache full:https://registry.npmjs.org/es-abstract set size:undefined disposed:false
1013 silly fetch manifest function-bind@^1.1.2
1014 silly packumentCache full:https://registry.npmjs.org/function-bind cache-miss
1015 http fetch GET 200 https://registry.npmjs.org/es-abstract 189ms (cache miss)
1016 silly packumentCache full:https://registry.npmjs.org/es-abstract set size:undefined disposed:false
1017 silly fetch manifest call-bind@^1.0.7
1018 silly packumentCache full:https://registry.npmjs.org/call-bind cache-miss
1019 http cache https://registry.npmjs.org/call-bind 8ms (cache hit)
1020 silly packumentCache full:https://registry.npmjs.org/call-bind set size:32985 disposed:false
1021 silly fetch manifest es-abstract@^1.23.2
1022 silly packumentCache full:https://registry.npmjs.org/es-abstract cache-miss
1023 http cache https://registry.npmjs.org/es-abstract 6ms (cache hit)
1024 silly packumentCache full:https://registry.npmjs.org/es-abstract set size:384124 disposed:false
1025 silly fetch manifest es-object-atoms@^1.0.0
1026 silly packumentCache full:https://registry.npmjs.org/es-object-atoms cache-miss
1027 http cache https://registry.npmjs.org/es-object-atoms 6ms (cache hit)
1028 silly packumentCache full:https://registry.npmjs.org/es-object-atoms set size:18278 disposed:false
1029 silly fetch manifest call-bound@^1.0.3
1030 silly packumentCache full:https://registry.npmjs.org/call-bound cache-miss
1031 http cache https://registry.npmjs.org/call-bound 12ms (cache hit)
1032 silly packumentCache full:https://registry.npmjs.org/call-bound set size:15317 disposed:false
1033 silly fetch manifest call-bind@^1.0.9
1034 silly packumentCache full:https://registry.npmjs.org/call-bind cache-hit
1035 silly fetch manifest es-object-atoms@^1.1.2
1036 silly packumentCache full:https://registry.npmjs.org/es-object-atoms cache-hit
1037 silly fetch manifest json5@^1.0.2
1038 silly packumentCache full:https://registry.npmjs.org/json5 cache-miss
1039 http fetch GET 200 https://registry.npmjs.org/es-abstract 302ms (cache miss)
1040 silly packumentCache full:https://registry.npmjs.org/es-abstract set size:undefined disposed:false
1041 silly packumentCache full:https://registry.npmjs.org/es-abstract dispose
1042 silly fetch manifest minimist@^1.2.6
1043 silly packumentCache full:https://registry.npmjs.org/minimist cache-miss
1044 http fetch GET 200 https://registry.npmjs.org/es-shim-unscopables 326ms (cache miss)
1045 silly packumentCache full:https://registry.npmjs.org/es-shim-unscopables set size:undefined disposed:false
1046 silly fetch manifest strip-bom@^3.0.0
1047 silly packumentCache full:https://registry.npmjs.org/strip-bom cache-miss
1048 http fetch GET 200 https://registry.npmjs.org/es-shim-unscopables 294ms (cache miss)
1049 silly packumentCache full:https://registry.npmjs.org/es-shim-unscopables set size:undefined disposed:false
1050 silly fetch manifest @types/json5@^0.0.29
1051 silly packumentCache full:https://registry.npmjs.org/@types%2fjson5 cache-miss
1052 http fetch GET 200 https://registry.npmjs.org/es-shim-unscopables 226ms (cache miss)
1053 silly packumentCache full:https://registry.npmjs.org/es-shim-unscopables set size:undefined disposed:false
1054 http fetch GET 200 https://registry.npmjs.org/function-bind 156ms (cache miss)
1055 silly packumentCache full:https://registry.npmjs.org/function-bind set size:undefined disposed:false
1056 http fetch GET 200 https://registry.npmjs.org/es-abstract 308ms (cache miss)
1057 silly packumentCache full:https://registry.npmjs.org/es-abstract set size:undefined disposed:true
1058 http fetch GET 200 https://registry.npmjs.org/minimist 82ms (cache miss)
1059 silly packumentCache full:https://registry.npmjs.org/minimist set size:undefined disposed:false
1060 http fetch GET 200 https://registry.npmjs.org/json5 234ms (cache miss)
1061 silly packumentCache full:https://registry.npmjs.org/json5 set size:undefined disposed:false
1062 http fetch GET 200 https://registry.npmjs.org/strip-bom 214ms (cache miss)
1063 silly packumentCache full:https://registry.npmjs.org/strip-bom set size:undefined disposed:false
1064 http fetch GET 200 https://registry.npmjs.org/@types%2fjson5 403ms (cache miss)
1065 silly packumentCache full:https://registry.npmjs.org/@types%2fjson5 set size:undefined disposed:false
1066 silly placeDep ROOT call-bind@1.0.9 OK for: array-includes@3.1.9 want: ^1.0.8
1067 silly placeDep ROOT call-bound@1.0.4 OK for: array-includes@3.1.9 want: ^1.0.4
1068 silly placeDep ROOT define-properties@1.2.1 OK for: array-includes@3.1.9 want: ^1.2.1
1069 silly placeDep ROOT es-abstract@1.24.2 OK for: array-includes@3.1.9 want: ^1.24.0
1070 silly placeDep ROOT es-object-atoms@1.1.2 OK for: array-includes@3.1.9 want: ^1.1.1
1071 silly placeDep ROOT get-intrinsic@1.3.0 OK for: array-includes@3.1.9 want: ^1.3.0
1072 silly placeDep ROOT is-string@1.1.1 OK for: array-includes@3.1.9 want: ^1.1.1
1073 silly placeDep ROOT math-intrinsics@1.1.0 OK for: array-includes@3.1.9 want: ^1.1.0
1074 silly fetch manifest call-bind-apply-helpers@^1.0.2
1075 silly packumentCache full:https://registry.npmjs.org/call-bind-apply-helpers cache-miss
1076 silly fetch manifest es-define-property@^1.0.1
1077 silly packumentCache full:https://registry.npmjs.org/es-define-property cache-miss
1078 silly fetch manifest set-function-length@^1.2.2
1079 silly packumentCache full:https://registry.npmjs.org/set-function-length cache-miss
1080 silly fetch manifest call-bind-apply-helpers@^1.0.2
1081 silly packumentCache full:https://registry.npmjs.org/call-bind-apply-helpers cache-miss
1082 silly fetch manifest define-data-property@^1.0.1
1083 silly packumentCache full:https://registry.npmjs.org/define-data-property cache-miss
1084 silly fetch manifest has-property-descriptors@^1.0.0
1085 silly packumentCache full:https://registry.npmjs.org/has-property-descriptors cache-miss
1086 silly fetch manifest array-buffer-byte-length@^1.0.2
1087 silly packumentCache full:https://registry.npmjs.org/array-buffer-byte-length cache-miss
1088 http fetch GET 200 https://registry.npmjs.org/set-function-length 47ms (cache miss)
1089 silly packumentCache full:https://registry.npmjs.org/set-function-length set size:undefined disposed:false
1090 silly fetch manifest arraybuffer.prototype.slice@^1.0.4
1091 silly packumentCache full:https://registry.npmjs.org/arraybuffer.prototype.slice cache-miss
1092 http fetch GET 200 https://registry.npmjs.org/call-bind-apply-helpers 52ms (cache miss)
1093 silly packumentCache full:https://registry.npmjs.org/call-bind-apply-helpers set size:undefined disposed:false
1094 silly fetch manifest available-typed-arrays@^1.0.7
1095 silly packumentCache full:https://registry.npmjs.org/available-typed-arrays cache-miss
1096 http fetch GET 200 https://registry.npmjs.org/call-bind-apply-helpers 53ms (cache miss)
1097 silly packumentCache full:https://registry.npmjs.org/call-bind-apply-helpers set size:undefined disposed:false
1098 silly fetch manifest data-view-buffer@^1.0.2
1099 silly packumentCache full:https://registry.npmjs.org/data-view-buffer cache-miss
1100 http fetch GET 200 https://registry.npmjs.org/data-view-buffer 70ms (cache miss)
1101 silly packumentCache full:https://registry.npmjs.org/data-view-buffer set size:undefined disposed:false
1102 silly fetch manifest data-view-byte-length@^1.0.2
1103 silly packumentCache full:https://registry.npmjs.org/data-view-byte-length cache-miss
1104 http fetch GET 200 https://registry.npmjs.org/has-property-descriptors 213ms (cache miss)
1105 silly packumentCache full:https://registry.npmjs.org/has-property-descriptors set size:undefined disposed:false
1106 silly fetch manifest data-view-byte-offset@^1.0.1
1107 silly packumentCache full:https://registry.npmjs.org/data-view-byte-offset cache-miss
1108 http fetch GET 200 https://registry.npmjs.org/define-data-property 228ms (cache miss)
1109 silly packumentCache full:https://registry.npmjs.org/define-data-property set size:undefined disposed:false
1110 silly fetch manifest es-define-property@^1.0.1
1111 silly packumentCache full:https://registry.npmjs.org/es-define-property cache-miss
1112 http fetch GET 200 https://registry.npmjs.org/es-define-property 233ms (cache miss)
1113 silly packumentCache full:https://registry.npmjs.org/es-define-property set size:undefined disposed:false
1114 silly fetch manifest es-set-tostringtag@^2.1.0
1115 silly packumentCache full:https://registry.npmjs.org/es-set-tostringtag cache-miss
1116 http cache https://registry.npmjs.org/es-define-property 13ms (cache hit)
1117 silly packumentCache full:https://registry.npmjs.org/es-define-property set size:8542 disposed:false
1118 silly fetch manifest es-to-primitive@^1.3.0
1119 silly packumentCache full:https://registry.npmjs.org/es-to-primitive cache-miss
1120 http fetch GET 200 https://registry.npmjs.org/array-buffer-byte-length 251ms (cache miss)
1121 silly packumentCache full:https://registry.npmjs.org/array-buffer-byte-length set size:undefined disposed:false
1122 silly fetch manifest function.prototype.name@^1.1.8
1123 silly packumentCache full:https://registry.npmjs.org/function.prototype.name cache-miss
1124 http fetch GET 200 https://registry.npmjs.org/data-view-byte-offset 43ms (cache miss)
1125 silly packumentCache full:https://registry.npmjs.org/data-view-byte-offset set size:undefined disposed:false
1126 silly fetch manifest get-proto@^1.0.1
1127 silly packumentCache full:https://registry.npmjs.org/get-proto cache-miss
1128 http fetch GET 200 https://registry.npmjs.org/arraybuffer.prototype.slice 214ms (cache miss)
1129 silly packumentCache full:https://registry.npmjs.org/arraybuffer.prototype.slice set size:undefined disposed:false
1130 silly fetch manifest get-symbol-description@^1.1.0
1131 silly packumentCache full:https://registry.npmjs.org/get-symbol-description cache-miss
1132 http fetch GET 200 https://registry.npmjs.org/available-typed-arrays 232ms (cache miss)
1133 silly packumentCache full:https://registry.npmjs.org/available-typed-arrays set size:undefined disposed:false
1134 silly fetch manifest globalthis@^1.0.4
1135 silly packumentCache full:https://registry.npmjs.org/globalthis cache-miss
1136 http fetch GET 200 https://registry.npmjs.org/globalthis 55ms (cache miss)
1137 silly packumentCache full:https://registry.npmjs.org/globalthis set size:undefined disposed:false
1138 silly fetch manifest gopd@^1.2.0
1139 silly packumentCache full:https://registry.npmjs.org/gopd cache-miss
1140 http fetch GET 200 https://registry.npmjs.org/data-view-byte-length 287ms (cache miss)
1141 silly packumentCache full:https://registry.npmjs.org/data-view-byte-length set size:undefined disposed:false
1142 silly fetch manifest has-property-descriptors@^1.0.2
1143 silly packumentCache full:https://registry.npmjs.org/has-property-descriptors cache-miss
1144 http cache https://registry.npmjs.org/has-property-descriptors 6ms (cache hit)
1145 silly packumentCache full:https://registry.npmjs.org/has-property-descriptors set size:12452 disposed:false
1146 silly fetch manifest has-proto@^1.2.0
1147 silly packumentCache full:https://registry.npmjs.org/has-proto cache-miss
1148 http fetch GET 200 https://registry.npmjs.org/get-symbol-description 224ms (cache miss)
1149 silly packumentCache full:https://registry.npmjs.org/get-symbol-description set size:undefined disposed:false
1150 silly fetch manifest has-symbols@^1.1.0
1151 silly packumentCache full:https://registry.npmjs.org/has-symbols cache-miss
1152 http fetch GET 200 https://registry.npmjs.org/get-proto 244ms (cache miss)
1153 silly packumentCache full:https://registry.npmjs.org/get-proto set size:undefined disposed:false
1154 silly fetch manifest internal-slot@^1.1.0
1155 silly packumentCache full:https://registry.npmjs.org/internal-slot cache-miss
1156 http fetch GET 200 https://registry.npmjs.org/es-to-primitive 270ms (cache miss)
1157 silly packumentCache full:https://registry.npmjs.org/es-to-primitive set size:undefined disposed:false
1158 silly fetch manifest is-array-buffer@^3.0.5
1159 silly packumentCache full:https://registry.npmjs.org/is-array-buffer cache-miss
1160 http fetch GET 200 https://registry.npmjs.org/es-set-tostringtag 286ms (cache miss)
1161 silly packumentCache full:https://registry.npmjs.org/es-set-tostringtag set size:undefined disposed:false
1162 silly fetch manifest is-callable@^1.2.7
1163 silly packumentCache full:https://registry.npmjs.org/is-callable cache-miss
1164 http fetch GET 200 https://registry.npmjs.org/function.prototype.name 271ms (cache miss)
1165 silly packumentCache full:https://registry.npmjs.org/function.prototype.name set size:undefined disposed:false
1166 silly fetch manifest is-data-view@^1.0.2
1167 silly packumentCache full:https://registry.npmjs.org/is-data-view cache-miss
1168 http fetch GET 200 https://registry.npmjs.org/gopd 269ms (cache miss)
1169 silly packumentCache full:https://registry.npmjs.org/gopd set size:undefined disposed:false
1170 silly fetch manifest is-negative-zero@^2.0.3
1171 silly packumentCache full:https://registry.npmjs.org/is-negative-zero cache-miss
1172 http fetch GET 200 https://registry.npmjs.org/has-proto 255ms (cache miss)
1173 silly packumentCache full:https://registry.npmjs.org/has-proto set size:undefined disposed:false
1174 silly fetch manifest is-regex@^1.2.1
1175 silly packumentCache full:https://registry.npmjs.org/is-regex cache-miss
1176 http fetch GET 200 https://registry.npmjs.org/has-symbols 243ms (cache miss)
1177 silly packumentCache full:https://registry.npmjs.org/has-symbols set size:undefined disposed:false
1178 silly fetch manifest is-set@^2.0.3
1179 silly packumentCache full:https://registry.npmjs.org/is-set cache-miss
1180 http fetch GET 200 https://registry.npmjs.org/is-array-buffer 226ms (cache miss)
1181 silly packumentCache full:https://registry.npmjs.org/is-array-buffer set size:undefined disposed:false
1182 silly fetch manifest is-shared-array-buffer@^1.0.4
1183 silly packumentCache full:https://registry.npmjs.org/is-shared-array-buffer cache-miss
1184 http fetch GET 200 https://registry.npmjs.org/is-data-view 239ms (cache miss)
1185 silly packumentCache full:https://registry.npmjs.org/is-data-view set size:undefined disposed:false
1186 silly fetch manifest is-typed-array@^1.1.15
1187 silly packumentCache full:https://registry.npmjs.org/is-typed-array cache-miss
1188 http fetch GET 200 https://registry.npmjs.org/internal-slot 267ms (cache miss)
1189 silly packumentCache full:https://registry.npmjs.org/internal-slot set size:undefined disposed:false
1190 silly fetch manifest is-weakref@^1.1.1
1191 silly packumentCache full:https://registry.npmjs.org/is-weakref cache-miss
1192 http fetch GET 200 https://registry.npmjs.org/is-callable 268ms (cache miss)
1193 silly packumentCache full:https://registry.npmjs.org/is-callable set size:undefined disposed:false
1194 silly fetch manifest object-inspect@^1.13.4
1195 silly packumentCache full:https://registry.npmjs.org/object-inspect cache-miss
1196 http fetch GET 200 https://registry.npmjs.org/is-negative-zero 259ms (cache miss)
1197 silly packumentCache full:https://registry.npmjs.org/is-negative-zero set size:undefined disposed:false
1198 silly fetch manifest object.assign@^4.1.7
1199 silly packumentCache full:https://registry.npmjs.org/object.assign cache-miss
1200 http fetch GET 200 https://registry.npmjs.org/is-regex 260ms (cache miss)
1201 silly packumentCache full:https://registry.npmjs.org/is-regex set size:undefined disposed:false
1202 silly fetch manifest own-keys@^1.0.1
1203 silly packumentCache full:https://registry.npmjs.org/own-keys cache-miss
1204 http fetch GET 200 https://registry.npmjs.org/is-set 299ms (cache miss)
1205 silly packumentCache full:https://registry.npmjs.org/is-set set size:undefined disposed:false
1206 silly fetch manifest regexp.prototype.flags@^1.5.4
1207 silly packumentCache full:https://registry.npmjs.org/regexp.prototype.flags cache-miss
1208 http fetch GET 200 https://registry.npmjs.org/is-shared-array-buffer 341ms (cache miss)
1209 silly packumentCache full:https://registry.npmjs.org/is-shared-array-buffer set size:undefined disposed:false
1210 silly fetch manifest safe-array-concat@^1.1.3
1211 silly packumentCache full:https://registry.npmjs.org/safe-array-concat cache-miss
1212 http fetch GET 200 https://registry.npmjs.org/is-weakref 327ms (cache miss)
1213 silly packumentCache full:https://registry.npmjs.org/is-weakref set size:undefined disposed:false
1214 silly fetch manifest safe-push-apply@^1.0.0
1215 silly packumentCache full:https://registry.npmjs.org/safe-push-apply cache-miss
1216 http fetch GET 200 https://registry.npmjs.org/is-typed-array 342ms (cache miss)
1217 silly packumentCache full:https://registry.npmjs.org/is-typed-array set size:undefined disposed:false
1218 silly fetch manifest safe-regex-test@^1.1.0
1219 silly packumentCache full:https://registry.npmjs.org/safe-regex-test cache-miss
1220 http cache https://registry.npmjs.org/safe-regex-test 26ms (cache hit)
1221 silly packumentCache full:https://registry.npmjs.org/safe-regex-test set size:17412 disposed:false
1222 silly fetch manifest set-proto@^1.0.0
1223 silly packumentCache full:https://registry.npmjs.org/set-proto cache-miss
1224 http fetch GET 200 https://registry.npmjs.org/object-inspect 359ms (cache miss)
1225 silly packumentCache full:https://registry.npmjs.org/object-inspect set size:undefined disposed:false
1226 silly fetch manifest stop-iteration-iterator@^1.1.0
1227 silly packumentCache full:https://registry.npmjs.org/stop-iteration-iterator cache-miss
1228 http fetch GET 200 https://registry.npmjs.org/object.assign 285ms (cache miss)
1229 silly packumentCache full:https://registry.npmjs.org/object.assign set size:undefined disposed:false
1230 silly fetch manifest string.prototype.trim@^1.2.10
1231 silly packumentCache full:https://registry.npmjs.org/string.prototype.trim cache-miss
1232 http fetch GET 200 https://registry.npmjs.org/own-keys 232ms (cache miss)
1233 silly packumentCache full:https://registry.npmjs.org/own-keys set size:undefined disposed:false
1234 silly fetch manifest string.prototype.trimstart@^1.0.8
1235 silly packumentCache full:https://registry.npmjs.org/string.prototype.trimstart cache-miss
1236 http fetch GET 200 https://registry.npmjs.org/regexp.prototype.flags 234ms (cache miss)
1237 silly packumentCache full:https://registry.npmjs.org/regexp.prototype.flags set size:undefined disposed:false
1238 silly fetch manifest typed-array-buffer@^1.0.3
1239 silly packumentCache full:https://registry.npmjs.org/typed-array-buffer cache-miss
1240 http fetch GET 200 https://registry.npmjs.org/safe-push-apply 212ms (cache miss)
1241 silly packumentCache full:https://registry.npmjs.org/safe-push-apply set size:undefined disposed:false
1242 silly fetch manifest typed-array-byte-length@^1.0.3
1243 silly packumentCache full:https://registry.npmjs.org/typed-array-byte-length cache-miss
1244 http fetch GET 200 https://registry.npmjs.org/safe-array-concat 242ms (cache miss)
1245 silly packumentCache full:https://registry.npmjs.org/safe-array-concat set size:undefined disposed:false
1246 silly fetch manifest typed-array-byte-offset@^1.0.4
1247 silly packumentCache full:https://registry.npmjs.org/typed-array-byte-offset cache-miss
1248 http fetch GET 200 https://registry.npmjs.org/set-proto 227ms (cache miss)
1249 silly packumentCache full:https://registry.npmjs.org/set-proto set size:undefined disposed:false
1250 silly fetch manifest typed-array-length@^1.0.7
1251 silly packumentCache full:https://registry.npmjs.org/typed-array-length cache-miss
1252 http fetch GET 200 https://registry.npmjs.org/stop-iteration-iterator 231ms (cache miss)
1253 silly packumentCache full:https://registry.npmjs.org/stop-iteration-iterator set size:undefined disposed:false
1254 silly fetch manifest unbox-primitive@^1.1.0
1255 silly packumentCache full:https://registry.npmjs.org/unbox-primitive cache-miss
1256 http fetch GET 200 https://registry.npmjs.org/typed-array-byte-offset 54ms (cache miss)
1257 silly packumentCache full:https://registry.npmjs.org/typed-array-byte-offset set size:undefined disposed:false
1258 silly fetch manifest which-typed-array@^1.1.19
1259 silly packumentCache full:https://registry.npmjs.org/which-typed-array cache-miss
1260 http fetch GET 200 https://registry.npmjs.org/string.prototype.trim 250ms (cache miss)
1261 silly packumentCache full:https://registry.npmjs.org/string.prototype.trim set size:undefined disposed:false
1262 silly fetch manifest has-tostringtag@^1.0.2
1263 silly packumentCache full:https://registry.npmjs.org/has-tostringtag cache-miss
1264 http fetch GET 200 https://registry.npmjs.org/string.prototype.trimstart 263ms (cache miss)
1265 silly packumentCache full:https://registry.npmjs.org/string.prototype.trimstart set size:undefined disposed:false
1266 http fetch GET 200 https://registry.npmjs.org/has-tostringtag 80ms (cache miss)
1267 silly packumentCache full:https://registry.npmjs.org/has-tostringtag set size:undefined disposed:false
1268 http fetch GET 200 https://registry.npmjs.org/typed-array-buffer 229ms (cache miss)
1269 silly packumentCache full:https://registry.npmjs.org/typed-array-buffer set size:undefined disposed:false
1270 http fetch GET 200 https://registry.npmjs.org/typed-array-byte-length 227ms (cache miss)
1271 silly packumentCache full:https://registry.npmjs.org/typed-array-byte-length set size:undefined disposed:false
1272 http fetch GET 200 https://registry.npmjs.org/unbox-primitive 226ms (cache miss)
1273 silly packumentCache full:https://registry.npmjs.org/unbox-primitive set size:undefined disposed:false
1274 http fetch GET 200 https://registry.npmjs.org/typed-array-length 252ms (cache miss)
1275 silly packumentCache full:https://registry.npmjs.org/typed-array-length set size:undefined disposed:false
1276 http fetch GET 200 https://registry.npmjs.org/which-typed-array 228ms (cache miss)
1277 silly packumentCache full:https://registry.npmjs.org/which-typed-array set size:undefined disposed:false
1278 silly placeDep ROOT es-errors@1.3.0 OK for: array.prototype.findlastindex@1.2.6 want: ^1.3.0
1279 silly placeDep ROOT es-shim-unscopables@1.1.0 OK for: array.prototype.findlastindex@1.2.6 want: ^1.1.0
1280 silly placeDep ROOT call-bind-apply-helpers@1.0.2 OK for: call-bind@1.0.9 want: ^1.0.2
1281 silly placeDep ROOT es-define-property@1.0.1 OK for: call-bind@1.0.9 want: ^1.0.1
1282 silly placeDep ROOT set-function-length@1.2.2 OK for: call-bind@1.0.9 want: ^1.2.2
1283 silly fetch manifest define-data-property@^1.1.4
1284 silly packumentCache full:https://registry.npmjs.org/define-data-property cache-miss
1285 silly fetch manifest gopd@^1.0.1
1286 silly packumentCache full:https://registry.npmjs.org/gopd cache-miss
1287 http cache https://registry.npmjs.org/gopd 8ms (cache hit)
1288 silly packumentCache full:https://registry.npmjs.org/gopd set size:11483 disposed:false
1289 http cache https://registry.npmjs.org/define-data-property 9ms (cache hit)
1290 silly packumentCache full:https://registry.npmjs.org/define-data-property set size:28048 disposed:false
1291 silly placeDep ROOT function-bind@1.1.2 OK for: call-bind-apply-helpers@1.0.2 want: ^1.1.2
1292 silly placeDep ROOT define-data-property@1.1.4 OK for: define-properties@1.2.1 want: ^1.0.1
1293 silly placeDep ROOT has-property-descriptors@1.0.2 OK for: define-properties@1.2.1 want: ^1.0.0
1294 silly placeDep ROOT object-keys@1.1.1 OK for: define-properties@1.2.1 want: ^1.1.1
1295 silly placeDep ROOT gopd@1.2.0 OK for: define-data-property@1.1.4 want: ^1.0.1
1296 silly placeDep ROOT array-buffer-byte-length@1.0.2 OK for: es-abstract@1.24.2 want: ^1.0.2
1297 silly placeDep ROOT arraybuffer.prototype.slice@1.0.4 OK for: es-abstract@1.24.2 want: ^1.0.4
1298 silly placeDep ROOT available-typed-arrays@1.0.7 OK for: es-abstract@1.24.2 want: ^1.0.7
1299 silly placeDep ROOT data-view-buffer@1.0.2 OK for: es-abstract@1.24.2 want: ^1.0.2
1300 silly placeDep ROOT data-view-byte-length@1.0.2 OK for: es-abstract@1.24.2 want: ^1.0.2
1301 silly placeDep ROOT data-view-byte-offset@1.0.1 OK for: es-abstract@1.24.2 want: ^1.0.1
1302 silly placeDep ROOT es-set-tostringtag@2.1.0 OK for: es-abstract@1.24.2 want: ^2.1.0
1303 silly placeDep ROOT es-to-primitive@1.3.4 OK for: es-abstract@1.24.2 want: ^1.3.0
1304 silly placeDep ROOT function.prototype.name@1.2.0 OK for: es-abstract@1.24.2 want: ^1.1.8
1305 silly placeDep ROOT get-proto@1.0.1 OK for: es-abstract@1.24.2 want: ^1.0.1
1306 silly placeDep ROOT get-symbol-description@1.1.0 OK for: es-abstract@1.24.2 want: ^1.1.0
1307 silly placeDep ROOT globalthis@1.0.4 OK for: es-abstract@1.24.2 want: ^1.0.4
1308 silly placeDep ROOT has-proto@1.2.0 OK for: es-abstract@1.24.2 want: ^1.2.0
1309 silly placeDep ROOT has-symbols@1.1.0 OK for: es-abstract@1.24.2 want: ^1.1.0
1310 silly placeDep ROOT internal-slot@1.1.0 OK for: es-abstract@1.24.2 want: ^1.1.0
1311 silly placeDep ROOT is-array-buffer@3.0.5 OK for: es-abstract@1.24.2 want: ^3.0.5
1312 silly placeDep ROOT is-callable@1.2.7 OK for: es-abstract@1.24.2 want: ^1.2.7
1313 silly placeDep ROOT is-data-view@1.0.2 OK for: es-abstract@1.24.2 want: ^1.0.2
1314 silly placeDep ROOT is-negative-zero@2.0.3 OK for: es-abstract@1.24.2 want: ^2.0.3
1315 silly placeDep ROOT is-regex@1.2.1 OK for: es-abstract@1.24.2 want: ^1.2.1
1316 silly placeDep ROOT is-set@2.0.3 OK for: es-abstract@1.24.2 want: ^2.0.3
1317 silly placeDep ROOT is-shared-array-buffer@1.0.4 OK for: es-abstract@1.24.2 want: ^1.0.4
1318 silly placeDep ROOT is-typed-array@1.1.15 OK for: es-abstract@1.24.2 want: ^1.1.15
1319 silly placeDep ROOT is-weakref@1.1.1 OK for: es-abstract@1.24.2 want: ^1.1.1
1320 silly placeDep ROOT object-inspect@1.13.4 OK for: es-abstract@1.24.2 want: ^1.13.4
1321 silly placeDep ROOT object.assign@4.1.7 OK for: es-abstract@1.24.2 want: ^4.1.7
1322 silly placeDep ROOT own-keys@1.0.2 OK for: es-abstract@1.24.2 want: ^1.0.1
1323 silly placeDep ROOT regexp.prototype.flags@1.5.4 OK for: es-abstract@1.24.2 want: ^1.5.4
1324 silly placeDep ROOT safe-array-concat@1.1.4 OK for: es-abstract@1.24.2 want: ^1.1.3
1325 silly placeDep ROOT safe-push-apply@1.0.0 OK for: es-abstract@1.24.2 want: ^1.0.0
1326 silly placeDep ROOT safe-regex-test@1.1.0 OK for: es-abstract@1.24.2 want: ^1.1.0
1327 silly placeDep ROOT set-proto@1.0.0 OK for: es-abstract@1.24.2 want: ^1.0.0
1328 silly placeDep ROOT stop-iteration-iterator@1.1.0 OK for: es-abstract@1.24.2 want: ^1.1.0
1329 silly placeDep ROOT string.prototype.trim@1.2.11 OK for: es-abstract@1.24.2 want: ^1.2.10
1330 silly placeDep ROOT string.prototype.trimstart@1.0.8 OK for: es-abstract@1.24.2 want: ^1.0.8
1331 silly placeDep ROOT typed-array-buffer@1.0.3 OK for: es-abstract@1.24.2 want: ^1.0.3
1332 silly placeDep ROOT typed-array-byte-length@1.0.3 OK for: es-abstract@1.24.2 want: ^1.0.3
1333 silly placeDep ROOT typed-array-byte-offset@1.0.4 OK for: es-abstract@1.24.2 want: ^1.0.4
1334 silly placeDep ROOT typed-array-length@1.0.8 OK for: es-abstract@1.24.2 want: ^1.0.7
1335 silly placeDep ROOT unbox-primitive@1.1.0 OK for: es-abstract@1.24.2 want: ^1.1.0
1336 silly placeDep ROOT which-typed-array@1.1.22 OK for: es-abstract@1.24.2 want: ^1.1.19
1337 silly fetch manifest is-array-buffer@^3.0.4
1338 silly packumentCache full:https://registry.npmjs.org/is-array-buffer cache-miss
1339 silly fetch manifest possible-typed-array-names@^1.0.0
1340 silly packumentCache full:https://registry.npmjs.org/possible-typed-array-names cache-miss
1341 silly fetch manifest is-data-view@^1.0.1
1342 silly packumentCache full:https://registry.npmjs.org/is-data-view cache-miss
1343 silly fetch manifest is-symbol@^1.1.1
1344 silly packumentCache full:https://registry.npmjs.org/is-symbol cache-miss
1345 silly fetch manifest is-date-object@^1.1.0
1346 silly packumentCache full:https://registry.npmjs.org/is-date-object cache-miss
1347 silly fetch manifest es-abstract-get@^1.0.0
1348 silly packumentCache full:https://registry.npmjs.org/es-abstract-get cache-miss
1349 silly fetch manifest is-document.all@^1.0.0
1350 silly packumentCache full:https://registry.npmjs.org/is-document.all cache-miss
1351 http cache https://registry.npmjs.org/is-data-view 24ms (cache hit)
1352 silly packumentCache full:https://registry.npmjs.org/is-data-view set size:13756 disposed:false
1353 silly fetch manifest functions-have-names@^1.2.3
1354 silly packumentCache full:https://registry.npmjs.org/functions-have-names cache-miss
1355 http cache https://registry.npmjs.org/is-array-buffer 28ms (cache hit)
1356 silly packumentCache full:https://registry.npmjs.org/is-array-buffer set size:33562 disposed:false
1357 silly fetch manifest dunder-proto@^1.0.1
1358 silly packumentCache full:https://registry.npmjs.org/dunder-proto cache-miss
1359 http fetch GET 200 https://registry.npmjs.org/is-symbol 230ms (cache miss)
1360 silly packumentCache full:https://registry.npmjs.org/is-symbol set size:undefined disposed:false
1361 silly fetch manifest dunder-proto@^1.0.0
1362 silly packumentCache full:https://registry.npmjs.org/dunder-proto cache-miss
1363 http fetch GET 200 https://registry.npmjs.org/possible-typed-array-names 239ms (cache miss)
1364 silly packumentCache full:https://registry.npmjs.org/possible-typed-array-names set size:undefined disposed:false
1365 silly fetch manifest side-channel@^1.1.0
1366 silly packumentCache full:https://registry.npmjs.org/side-channel cache-miss
1367 http fetch GET 200 https://registry.npmjs.org/is-date-object 247ms (cache miss)
1368 silly packumentCache full:https://registry.npmjs.org/is-date-object set size:undefined disposed:false
1369 silly fetch manifest is-typed-array@^1.1.13
1370 silly packumentCache full:https://registry.npmjs.org/is-typed-array cache-miss
1371 http fetch GET 200 https://registry.npmjs.org/es-abstract-get 250ms (cache miss)
1372 silly packumentCache full:https://registry.npmjs.org/es-abstract-get set size:undefined disposed:false
1373 silly fetch manifest which-typed-array@^1.1.16
1374 silly packumentCache full:https://registry.npmjs.org/which-typed-array cache-miss
1375 http fetch GET 200 https://registry.npmjs.org/functions-have-names 240ms (cache miss)
1376 silly packumentCache full:https://registry.npmjs.org/functions-have-names set size:undefined disposed:false
1377 silly fetch manifest set-function-name@^2.0.2
1378 silly packumentCache full:https://registry.npmjs.org/set-function-name cache-miss
1379 http fetch GET 200 https://registry.npmjs.org/is-document.all 266ms (cache miss)
1380 silly packumentCache full:https://registry.npmjs.org/is-document.all set size:undefined disposed:false
1381 silly fetch manifest isarray@^2.0.5
1382 silly packumentCache full:https://registry.npmjs.org/isarray cache-miss
1383 http fetch GET 200 https://registry.npmjs.org/dunder-proto 248ms (cache miss)
1384 silly packumentCache full:https://registry.npmjs.org/dunder-proto set size:undefined disposed:false
1385 silly fetch manifest isarray@^2.0.5
1386 silly packumentCache full:https://registry.npmjs.org/isarray cache-miss
1387 http cache https://registry.npmjs.org/is-typed-array 31ms (cache hit)
1388 silly packumentCache full:https://registry.npmjs.org/is-typed-array set size:79965 disposed:false
1389 silly fetch manifest for-each@^0.3.3
1390 silly packumentCache full:https://registry.npmjs.org/for-each cache-miss
1391 http cache https://registry.npmjs.org/which-typed-array 29ms (cache hit)
1392 silly packumentCache full:https://registry.npmjs.org/which-typed-array set size:101551 disposed:false
1393 silly fetch manifest for-each@^0.3.3
1394 silly packumentCache full:https://registry.npmjs.org/for-each cache-miss
1395 http fetch GET 200 https://registry.npmjs.org/dunder-proto 59ms (cache miss)
1396 silly packumentCache full:https://registry.npmjs.org/dunder-proto set size:undefined disposed:false
1397 silly fetch manifest reflect.getprototypeof@^1.0.9
1398 silly packumentCache full:https://registry.npmjs.org/reflect.getprototypeof cache-miss
1399 http fetch GET 200 https://registry.npmjs.org/isarray 47ms (cache miss)
1400 silly packumentCache full:https://registry.npmjs.org/isarray set size:undefined disposed:false
1401 silly fetch manifest for-each@^0.3.5
1402 silly packumentCache full:https://registry.npmjs.org/for-each cache-miss
1403 http fetch GET 200 https://registry.npmjs.org/isarray 58ms (cache miss)
1404 silly packumentCache full:https://registry.npmjs.org/isarray set size:undefined disposed:false
1405 silly fetch manifest possible-typed-array-names@^1.1.0
1406 silly packumentCache full:https://registry.npmjs.org/possible-typed-array-names cache-miss
1407 http cache https://registry.npmjs.org/possible-typed-array-names 7ms (cache hit)
1408 silly packumentCache full:https://registry.npmjs.org/possible-typed-array-names set size:9167 disposed:false
1409 silly fetch manifest reflect.getprototypeof@^1.0.10
1410 silly packumentCache full:https://registry.npmjs.org/reflect.getprototypeof cache-miss
1411 http fetch GET 200 https://registry.npmjs.org/side-channel 237ms (cache miss)
1412 silly packumentCache full:https://registry.npmjs.org/side-channel set size:undefined disposed:false
1413 silly fetch manifest has-bigints@^1.0.2
1414 silly packumentCache full:https://registry.npmjs.org/has-bigints cache-miss
1415 http fetch GET 200 https://registry.npmjs.org/set-function-name 219ms (cache miss)
1416 silly packumentCache full:https://registry.npmjs.org/set-function-name set size:undefined disposed:false
1417 silly fetch manifest which-boxed-primitive@^1.1.1
1418 silly packumentCache full:https://registry.npmjs.org/which-boxed-primitive cache-miss
1419 http fetch GET 200 https://registry.npmjs.org/for-each 198ms (cache miss)
1420 silly packumentCache full:https://registry.npmjs.org/for-each set size:undefined disposed:false
1421 http fetch GET 200 https://registry.npmjs.org/for-each 235ms (cache miss)
1422 silly packumentCache full:https://registry.npmjs.org/for-each set size:undefined disposed:false
1423 http fetch GET 200 https://registry.npmjs.org/for-each 233ms (cache miss)
1424 silly packumentCache full:https://registry.npmjs.org/for-each set size:undefined disposed:false
1425 http fetch GET 200 https://registry.npmjs.org/reflect.getprototypeof 188ms (cache miss)
1426 silly packumentCache full:https://registry.npmjs.org/reflect.getprototypeof set size:undefined disposed:false
1427 http fetch GET 200 https://registry.npmjs.org/reflect.getprototypeof 241ms (cache miss)
1428 silly packumentCache full:https://registry.npmjs.org/reflect.getprototypeof set size:undefined disposed:false
1429 http fetch GET 200 https://registry.npmjs.org/has-bigints 238ms (cache miss)
1430 silly packumentCache full:https://registry.npmjs.org/has-bigints set size:undefined disposed:false
1431 http fetch GET 200 https://registry.npmjs.org/which-boxed-primitive 234ms (cache miss)
1432 silly packumentCache full:https://registry.npmjs.org/which-boxed-primitive set size:undefined disposed:false
1433 silly placeDep ROOT possible-typed-array-names@1.1.0 OK for: available-typed-arrays@1.0.7 want: ^1.0.0
1434 silly placeDep ROOT has-tostringtag@1.0.2 OK for: es-set-tostringtag@2.1.0 want: ^1.0.2
1435 silly placeDep ROOT es-abstract-get@1.0.0 OK for: es-to-primitive@1.3.4 want: ^1.0.0
1436 silly placeDep ROOT is-date-object@1.1.0 OK for: es-to-primitive@1.3.4 want: ^1.1.0
1437 silly placeDep ROOT is-symbol@1.1.1 OK for: es-to-primitive@1.3.4 want: ^1.1.1
1438 silly placeDep node_modules/eslint-module-utils debug@3.2.7 OK for: eslint-module-utils@2.14.0 want: ^3.2.7
1439 silly placeDep ROOT aria-query@5.3.2 OK for: eslint-plugin-jsx-a11y@6.10.2 want: ^5.3.2
1440 silly placeDep ROOT ast-types-flow@0.0.8 OK for: eslint-plugin-jsx-a11y@6.10.2 want: ^0.0.8
1441 silly placeDep ROOT axe-core@4.12.1 OK for: eslint-plugin-jsx-a11y@6.10.2 want: ^4.10.0
1442 silly placeDep ROOT axobject-query@4.1.0 OK for: eslint-plugin-jsx-a11y@6.10.2 want: ^4.1.0
1443 silly placeDep ROOT damerau-levenshtein@1.0.8 OK for: eslint-plugin-jsx-a11y@6.10.2 want: ^1.0.8
1444 silly placeDep ROOT emoji-regex@9.2.2 OK for: eslint-plugin-jsx-a11y@6.10.2 want: ^9.2.2
1445 silly placeDep ROOT jsx-ast-utils@3.3.5 OK for: eslint-plugin-jsx-a11y@6.10.2 want: ^3.3.5
1446 silly placeDep ROOT language-tags@1.0.9 OK for: eslint-plugin-jsx-a11y@6.10.2 want: ^1.0.9
1447 silly placeDep ROOT string.prototype.includes@2.0.1 OK for: eslint-plugin-jsx-a11y@6.10.2 want: ^2.0.1
1448 silly fetch manifest language-subtag-registry@^0.3.20
1449 silly packumentCache full:https://registry.npmjs.org/language-subtag-registry cache-miss
1450 http fetch GET 200 https://registry.npmjs.org/language-subtag-registry 253ms (cache miss)
1451 silly packumentCache full:https://registry.npmjs.org/language-subtag-registry set size:undefined disposed:false
1452 silly placeDep ROOT array.prototype.findlast@1.2.5 OK for: eslint-plugin-react@7.37.5 want: ^1.2.5
1453 silly placeDep ROOT array.prototype.tosorted@1.1.4 OK for: eslint-plugin-react@7.37.5 want: ^1.1.4
1454 silly placeDep node_modules/eslint-plugin-react doctrine@2.1.0 OK for: eslint-plugin-react@7.37.5 want: ^2.1.0
1455 silly placeDep ROOT es-iterator-helpers@1.4.0 OK for: eslint-plugin-react@7.37.5 want: ^1.2.1
1456 silly placeDep ROOT estraverse@5.3.0 OK for: eslint-plugin-react@7.37.5 want: ^5.3.0
1457 silly placeDep ROOT object.entries@1.1.9 OK for: eslint-plugin-react@7.37.5 want: ^1.1.9
1458 silly placeDep ROOT prop-types@15.8.1 OK for: eslint-plugin-react@7.37.5 want: ^15.8.1
1459 silly placeDep node_modules/eslint-plugin-react semver@6.3.1 OK for: eslint-plugin-react@7.37.5 want: ^6.3.1
1460 silly placeDep ROOT string.prototype.matchall@4.0.12 OK for: eslint-plugin-react@7.37.5 want: ^4.0.12
1461 silly placeDep ROOT string.prototype.repeat@1.0.0 OK for: eslint-plugin-react@7.37.5 want: ^1.0.0
1462 silly fetch manifest iterator.prototype@^1.1.5
1463 silly packumentCache full:https://registry.npmjs.org/iterator.prototype cache-miss
1464 silly fetch manifest object-assign@^4.1.1
1465 silly packumentCache full:https://registry.npmjs.org/object-assign cache-miss
1466 silly fetch manifest react-is@^16.13.1
1467 silly packumentCache full:https://registry.npmjs.org/react-is cache-miss
1468 http fetch GET 200 https://registry.npmjs.org/iterator.prototype 62ms (cache miss)
1469 silly packumentCache full:https://registry.npmjs.org/iterator.prototype set size:undefined disposed:false
1470 http fetch GET 200 https://registry.npmjs.org/object-assign 223ms (cache miss)
1471 silly packumentCache full:https://registry.npmjs.org/object-assign set size:undefined disposed:false
1472 http fetch GET 200 https://registry.npmjs.org/react-is 1612ms (cache miss)
1473 silly packumentCache full:https://registry.npmjs.org/react-is set size:undefined disposed:false
1474 silly placeDep ROOT iterator.prototype@1.1.5 OK for: es-iterator-helpers@1.4.0 want: ^1.1.5
1475 silly placeDep ROOT esrecurse@4.3.0 OK for: eslint-scope@7.2.2 want: ^4.3.0
1476 silly placeDep ROOT acorn@8.17.0 OK for: espree@9.6.1 want: ^8.9.0
1477 silly placeDep ROOT acorn-jsx@5.3.2 OK for: espree@9.6.1 want: ^5.3.2
1478 silly placeDep ROOT reusify@1.1.0 OK for: fastq@1.20.1 want: ^1.0.4
1479 silly placeDep ROOT flat-cache@3.2.0 OK for: file-entry-cache@6.0.1 want: ^3.0.4
1480 silly fetch manifest keyv@^4.5.3
1481 silly packumentCache full:https://registry.npmjs.org/keyv cache-miss
1482 silly fetch manifest rimraf@^3.0.2
1483 silly packumentCache full:https://registry.npmjs.org/rimraf cache-miss
1484 silly fetch manifest flatted@^3.2.9
1485 silly packumentCache full:https://registry.npmjs.org/flatted cache-miss
1486 http fetch GET 200 https://registry.npmjs.org/flatted 122ms (cache miss)
1487 silly packumentCache full:https://registry.npmjs.org/flatted set size:undefined disposed:false
1488 http fetch GET 200 https://registry.npmjs.org/keyv 139ms (cache miss)
1489 silly packumentCache full:https://registry.npmjs.org/keyv set size:undefined disposed:false
1490 http fetch GET 200 https://registry.npmjs.org/rimraf 347ms (cache miss)
1491 silly packumentCache full:https://registry.npmjs.org/rimraf set size:undefined disposed:false
1492 silly placeDep ROOT locate-path@6.0.0 OK for: find-up@5.0.0 want: ^6.0.0
1493 silly placeDep ROOT path-exists@4.0.0 OK for: find-up@5.0.0 want: ^4.0.0
1494 silly fetch manifest p-locate@^5.0.0
1495 silly packumentCache full:https://registry.npmjs.org/p-locate cache-miss
1496 http fetch GET 200 https://registry.npmjs.org/p-locate 248ms (cache miss)
1497 silly packumentCache full:https://registry.npmjs.org/p-locate set size:undefined disposed:false
1498 silly placeDep ROOT flatted@3.4.3 OK for: flat-cache@3.2.0 want: ^3.2.9
1499 silly placeDep ROOT keyv@4.5.4 OK for: flat-cache@3.2.0 want: ^4.5.3
1500 silly placeDep ROOT rimraf@3.0.2 OK for: flat-cache@3.2.0 want: ^3.0.2
1501 silly fetch manifest json-buffer@3.0.1
1502 silly packumentCache full:https://registry.npmjs.org/json-buffer cache-miss
1503 silly fetch manifest glob@^7.1.3
1504 silly packumentCache full:https://registry.npmjs.org/glob cache-miss
1505 http cache https://registry.npmjs.org/glob 12ms (cache hit)
1506 silly packumentCache full:https://registry.npmjs.org/glob set size:469465 disposed:false
1507 http fetch GET 200 https://registry.npmjs.org/json-buffer 258ms (cache miss)
1508 silly packumentCache full:https://registry.npmjs.org/json-buffer set size:undefined disposed:false
1509 silly placeDep ROOT functions-have-names@1.2.3 OK for: function.prototype.name@1.2.0 want: ^1.2.3
1510 silly placeDep ROOT is-document.all@1.0.0 OK for: function.prototype.name@1.2.0 want: ^1.0.0
1511 silly placeDep ROOT dunder-proto@1.0.1 OK for: get-proto@1.0.1 want: ^1.0.1
1512 silly placeDep ROOT resolve-pkg-maps@1.0.0 OK for: get-tsconfig@4.14.0 want: ^1.0.0
1513 silly placeDep ROOT foreground-child@3.3.1 OK for: glob@10.3.10 want: ^3.1.0
1514 silly placeDep ROOT jackspeak@2.3.6 OK for: glob@10.3.10 want: ^2.3.5
1515 silly placeDep node_modules/glob minimatch@9.0.9 OK for: glob@10.3.10 want: ^9.0.1
1516 silly placeDep ROOT minipass@7.1.3 OK for: glob@10.3.10 want: ^5.0.0 || ^6.0.2 || ^7.0.0
1517 silly placeDep ROOT path-scurry@1.11.1 OK for: glob@10.3.10 want: ^1.10.1
1518 silly fetch manifest signal-exit@^4.0.1
1519 silly packumentCache full:https://registry.npmjs.org/signal-exit cache-miss
1520 silly fetch manifest @isaacs/cliui@^8.0.2
1521 silly packumentCache full:https://registry.npmjs.org/@isaacs%2fcliui cache-miss
1522 silly fetch manifest @pkgjs/parseargs@^0.11.0
1523 silly packumentCache full:https://registry.npmjs.org/@pkgjs%2fparseargs cache-miss
1524 silly fetch manifest brace-expansion@^2.0.2
1525 silly packumentCache full:https://registry.npmjs.org/brace-expansion cache-hit
1526 silly fetch manifest lru-cache@^10.2.0
1527 silly packumentCache full:https://registry.npmjs.org/lru-cache cache-miss
1528 http fetch GET 200 https://registry.npmjs.org/@pkgjs%2fparseargs 110ms (cache miss)
1529 silly packumentCache full:https://registry.npmjs.org/@pkgjs%2fparseargs set size:undefined disposed:false
1530 http fetch GET 200 https://registry.npmjs.org/lru-cache 282ms (cache miss)
1531 silly packumentCache full:https://registry.npmjs.org/lru-cache set size:undefined disposed:false
1532 http fetch GET 200 https://registry.npmjs.org/signal-exit 312ms (cache miss)
1533 silly packumentCache full:https://registry.npmjs.org/signal-exit set size:undefined disposed:false
1534 http fetch GET 200 https://registry.npmjs.org/@isaacs%2fcliui 579ms (cache miss)
1535 silly packumentCache full:https://registry.npmjs.org/@isaacs%2fcliui set size:undefined disposed:false
1536 silly placeDep ROOT signal-exit@4.1.0 OK for: foreground-child@3.3.1 want: ^4.0.1
1537 silly placeDep ROOT type-fest@0.20.2 OK for: globals@13.24.0 want: ^0.20.2
1538 silly placeDep ROOT parent-module@1.0.1 OK for: import-fresh@3.3.1 want: ^1.0.0
1539 silly placeDep ROOT resolve-from@4.0.0 OK for: import-fresh@3.3.1 want: ^4.0.0
1540 silly fetch manifest callsites@^3.0.0
1541 silly packumentCache full:https://registry.npmjs.org/callsites cache-miss
1542 http fetch GET 200 https://registry.npmjs.org/callsites 226ms (cache miss)
1543 silly packumentCache full:https://registry.npmjs.org/callsites set size:undefined disposed:false
1544 silly placeDep ROOT side-channel@1.1.1 OK for: internal-slot@1.1.0 want: ^1.1.0
1545 silly fetch manifest side-channel-list@^1.0.1
1546 silly packumentCache full:https://registry.npmjs.org/side-channel-list cache-miss
1547 silly fetch manifest side-channel-map@^1.0.1
1548 silly packumentCache full:https://registry.npmjs.org/side-channel-map cache-miss
1549 silly fetch manifest side-channel-weakmap@^1.0.2
1550 silly packumentCache full:https://registry.npmjs.org/side-channel-weakmap cache-miss
1551 http fetch GET 200 https://registry.npmjs.org/side-channel-list 67ms (cache miss)
1552 silly packumentCache full:https://registry.npmjs.org/side-channel-list set size:undefined disposed:false
1553 http fetch GET 200 https://registry.npmjs.org/side-channel-weakmap 88ms (cache miss)
1554 silly packumentCache full:https://registry.npmjs.org/side-channel-weakmap set size:undefined disposed:false
1555 http fetch GET 200 https://registry.npmjs.org/side-channel-map 108ms (cache miss)
1556 silly packumentCache full:https://registry.npmjs.org/side-channel-map set size:undefined disposed:false
1557 silly placeDep ROOT is-extglob@2.1.1 OK for: is-glob@4.0.3 want: ^2.1.1
1558 silly placeDep ROOT set-function-name@2.0.2 OK for: iterator.prototype@1.1.5 want: ^2.0.2
1559 silly placeDep ROOT @isaacs/cliui@8.0.2 OK for: jackspeak@2.3.6 want: ^8.0.2
1560 silly placeDep ROOT @pkgjs/parseargs@0.11.0 OK for: jackspeak@2.3.6 want: ^0.11.0
1561 silly fetch manifest wrap-ansi@^8.1.0
1562 silly packumentCache full:https://registry.npmjs.org/wrap-ansi cache-miss
1563 silly fetch manifest strip-ansi@^7.0.1
1564 silly packumentCache full:https://registry.npmjs.org/strip-ansi cache-miss
1565 silly fetch manifest string-width@^5.1.2
1566 silly packumentCache full:https://registry.npmjs.org/string-width cache-miss
1567 silly fetch manifest wrap-ansi-cjs@npm:wrap-ansi@^7.0.0
1568 silly packumentCache full:https://registry.npmjs.org/wrap-ansi cache-miss
1569 silly fetch manifest strip-ansi-cjs@npm:strip-ansi@^6.0.1
1570 silly packumentCache full:https://registry.npmjs.org/strip-ansi cache-miss
1571 silly fetch manifest string-width-cjs@npm:string-width@^4.2.0
1572 silly packumentCache full:https://registry.npmjs.org/string-width cache-miss
1573 http cache https://registry.npmjs.org/strip-ansi 34ms (cache hit)
1574 silly packumentCache full:https://registry.npmjs.org/strip-ansi set size:44998 disposed:false
1575 http cache https://registry.npmjs.org/strip-ansi 33ms (cache hit)
1576 silly packumentCache full:https://registry.npmjs.org/strip-ansi set size:44998 disposed:false
1577 silly packumentCache full:https://registry.npmjs.org/strip-ansi dispose
1578 http fetch GET 200 https://registry.npmjs.org/string-width 83ms (cache miss)
1579 silly packumentCache full:https://registry.npmjs.org/string-width set size:undefined disposed:false
1580 http fetch GET 200 https://registry.npmjs.org/string-width 110ms (cache miss)
1581 silly packumentCache full:https://registry.npmjs.org/string-width set size:undefined disposed:false
1582 http fetch GET 200 https://registry.npmjs.org/wrap-ansi 238ms (cache miss)
1583 silly packumentCache full:https://registry.npmjs.org/wrap-ansi set size:undefined disposed:false
1584 http fetch GET 200 https://registry.npmjs.org/wrap-ansi 237ms (cache miss)
1585 silly packumentCache full:https://registry.npmjs.org/wrap-ansi set size:undefined disposed:false
1586 silly placeDep ROOT string-width@5.1.2 OK for: @isaacs/cliui@8.0.2 want: ^5.1.2
1587 silly placeDep ROOT string-width-cjs@4.2.3 OK for: @isaacs/cliui@8.0.2 want: npm:string-width@^4.2.0
1588 silly placeDep node_modules/@isaacs/cliui strip-ansi@7.2.0 OK for: @isaacs/cliui@8.0.2 want: ^7.0.1
1589 silly placeDep ROOT strip-ansi-cjs@6.0.1 OK for: @isaacs/cliui@8.0.2 want: npm:strip-ansi@^6.0.1
1590 silly placeDep ROOT wrap-ansi@8.1.0 OK for: @isaacs/cliui@8.0.2 want: ^8.1.0
1591 silly placeDep ROOT wrap-ansi-cjs@7.0.0 OK for: @isaacs/cliui@8.0.2 want: npm:wrap-ansi@^7.0.0
1592 silly fetch manifest eastasianwidth@^0.2.0
1593 silly packumentCache full:https://registry.npmjs.org/eastasianwidth cache-miss
1594 silly fetch manifest emoji-regex@^8.0.0
1595 silly packumentCache full:https://registry.npmjs.org/emoji-regex cache-miss
1596 silly fetch manifest is-fullwidth-code-point@^3.0.0
1597 silly packumentCache full:https://registry.npmjs.org/is-fullwidth-code-point cache-miss
1598 silly fetch manifest ansi-regex@^6.2.2
1599 silly packumentCache full:https://registry.npmjs.org/ansi-regex cache-miss
1600 silly fetch manifest ansi-styles@^6.1.0
1601 silly packumentCache full:https://registry.npmjs.org/ansi-styles cache-miss
1602 silly fetch manifest string-width@^4.1.0
1603 silly packumentCache full:https://registry.npmjs.org/string-width cache-miss
1604 http cache https://registry.npmjs.org/ansi-regex 104ms (cache hit)
1605 silly packumentCache full:https://registry.npmjs.org/ansi-regex set size:43572 disposed:false
1606 http cache https://registry.npmjs.org/emoji-regex 121ms (cache hit)
1607 silly packumentCache full:https://registry.npmjs.org/emoji-regex set size:89064 disposed:false
1608 http cache https://registry.npmjs.org/string-width 122ms (cache hit)
1609 silly packumentCache full:https://registry.npmjs.org/string-width set size:72458 disposed:false
1610 http cache https://registry.npmjs.org/ansi-styles 127ms (cache hit)
1611 silly packumentCache full:https://registry.npmjs.org/ansi-styles set size:63233 disposed:false
1612 http fetch GET 200 https://registry.npmjs.org/is-fullwidth-code-point 138ms (cache miss)
1613 silly packumentCache full:https://registry.npmjs.org/is-fullwidth-code-point set size:undefined disposed:false
1614 http fetch GET 200 https://registry.npmjs.org/eastasianwidth 218ms (cache miss)
1615 silly packumentCache full:https://registry.npmjs.org/eastasianwidth set size:undefined disposed:false
1616 silly placeDep ROOT argparse@2.0.1 OK for: js-yaml@4.3.0 want: ^2.0.1
1617 silly placeDep ROOT json-buffer@3.0.1 OK for: keyv@4.5.4 want: 3.0.1
1618 silly placeDep ROOT language-subtag-registry@0.3.23 OK for: language-tags@1.0.9 want: ^0.3.20
1619 silly placeDep ROOT prelude-ls@1.2.1 OK for: levn@0.4.1 want: ^1.2.1
1620 silly placeDep ROOT type-check@0.4.0 OK for: levn@0.4.1 want: ~0.4.0
1621 silly placeDep ROOT p-locate@5.0.0 OK for: locate-path@6.0.0 want: ^5.0.0
1622 silly fetch manifest p-limit@^3.0.2
1623 silly packumentCache full:https://registry.npmjs.org/p-limit cache-miss
1624 http fetch GET 200 https://registry.npmjs.org/p-limit 285ms (cache miss)
1625 silly packumentCache full:https://registry.npmjs.org/p-limit set size:undefined disposed:false
1626 silly placeDep ROOT brace-expansion@1.1.16 OK for: minimatch@3.1.5 want: ^1.1.7
1627 silly fetch manifest concat-map@0.0.1
1628 silly packumentCache full:https://registry.npmjs.org/concat-map cache-miss
1629 silly fetch manifest balanced-match@^1.0.0
1630 silly packumentCache full:https://registry.npmjs.org/balanced-match cache-miss
1631 http fetch GET 200 https://registry.npmjs.org/concat-map 55ms (cache miss)
1632 silly packumentCache full:https://registry.npmjs.org/concat-map set size:undefined disposed:false
1633 http fetch GET 200 https://registry.npmjs.org/balanced-match 90ms (cache miss)
1634 silly packumentCache full:https://registry.npmjs.org/balanced-match set size:undefined disposed:false
1635 silly placeDep ROOT balanced-match@1.0.2 OK for: brace-expansion@1.1.16 want: ^1.0.0
1636 silly placeDep ROOT concat-map@0.0.1 OK for: brace-expansion@1.1.16 want: 0.0.1
1637 silly placeDep ROOT deep-is@0.1.4 OK for: optionator@0.9.4 want: ^0.1.3
1638 silly placeDep ROOT fast-levenshtein@2.0.6 OK for: optionator@0.9.4 want: ^2.0.6
1639 silly placeDep ROOT word-wrap@1.2.5 OK for: optionator@0.9.4 want: ^1.2.5
1640 silly placeDep ROOT p-limit@3.1.0 OK for: p-locate@5.0.0 want: ^3.0.2
1641 silly fetch manifest yocto-queue@^0.1.0
1642 silly packumentCache full:https://registry.npmjs.org/yocto-queue cache-miss
1643 http fetch GET 200 https://registry.npmjs.org/yocto-queue 117ms (cache miss)
1644 silly packumentCache full:https://registry.npmjs.org/yocto-queue set size:undefined disposed:false
1645 silly placeDep ROOT yocto-queue@0.1.0 OK for: p-limit@3.1.0 want: ^0.1.0
1646 silly placeDep ROOT callsites@3.1.0 OK for: parent-module@1.0.1 want: ^3.0.0
1647 silly placeDep ROOT lru-cache@10.4.3 OK for: path-scurry@1.11.1 want: ^10.2.0
1648 silly placeDep ROOT object-assign@4.1.1 OK for: prop-types@15.8.1 want: ^4.1.1
1649 silly placeDep ROOT react-is@16.13.1 OK for: prop-types@15.8.1 want: ^16.13.1
1650 silly placeDep ROOT node-exports-info@1.6.2 OK for: resolve@2.0.0-next.7 want: ^1.6.0
1651 silly placeDep ROOT path-parse@1.0.7 OK for: resolve@2.0.0-next.7 want: ^1.0.7
1652 silly placeDep ROOT supports-preserve-symlinks-flag@1.0.0 OK for: resolve@2.0.0-next.7 want: ^1.0.0
1653 silly placeDep node_modules/node-exports-info semver@6.3.1 OK for: node-exports-info@1.6.2 want: ^6.3.1
1654 silly placeDep node_modules/rimraf glob@7.2.3 OK for: rimraf@3.0.2 want: ^7.1.3
1655 silly fetch manifest once@^1.3.0
1656 silly packumentCache full:https://registry.npmjs.org/once cache-miss
1657 silly fetch manifest inflight@^1.0.4
1658 silly packumentCache full:https://registry.npmjs.org/inflight cache-miss
1659 silly fetch manifest inherits@2
1660 silly packumentCache full:https://registry.npmjs.org/inherits cache-miss
1661 silly fetch manifest fs.realpath@^1.0.0
1662 silly packumentCache full:https://registry.npmjs.org/fs.realpath cache-miss
1663 silly fetch manifest path-is-absolute@^1.0.0
1664 silly packumentCache full:https://registry.npmjs.org/path-is-absolute cache-miss
1665 http fetch GET 200 https://registry.npmjs.org/inherits 56ms (cache miss)
1666 silly packumentCache full:https://registry.npmjs.org/inherits set size:undefined disposed:false
1667 http fetch GET 200 https://registry.npmjs.org/path-is-absolute 66ms (cache miss)
1668 silly packumentCache full:https://registry.npmjs.org/path-is-absolute set size:undefined disposed:false
1669 http fetch GET 200 https://registry.npmjs.org/fs.realpath 224ms (cache miss)
1670 silly packumentCache full:https://registry.npmjs.org/fs.realpath set size:undefined disposed:false
1671 http fetch GET 200 https://registry.npmjs.org/inflight 231ms (cache miss)
1672 silly packumentCache full:https://registry.npmjs.org/inflight set size:undefined disposed:false
1673 http fetch GET 200 https://registry.npmjs.org/once 233ms (cache miss)
1674 silly packumentCache full:https://registry.npmjs.org/once set size:undefined disposed:false
1675 silly placeDep ROOT queue-microtask@1.2.3 OK for: run-parallel@1.2.0 want: ^1.2.2
1676 silly placeDep ROOT isarray@2.0.5 OK for: safe-array-concat@1.1.4 want: ^2.0.5
1677 silly placeDep ROOT shebang-regex@3.0.0 OK for: shebang-command@2.0.0 want: ^3.0.0
1678 silly placeDep ROOT side-channel-list@1.0.1 OK for: side-channel@1.1.1 want: ^1.0.1
1679 silly placeDep ROOT side-channel-map@1.0.1 OK for: side-channel@1.1.1 want: ^1.0.1
1680 silly placeDep ROOT side-channel-weakmap@1.0.2 OK for: side-channel@1.1.1 want: ^1.0.2
1681 silly placeDep ROOT eastasianwidth@0.2.0 OK for: string-width@5.1.2 want: ^0.2.0
1682 silly placeDep node_modules/string-width strip-ansi@7.2.0 OK for: string-width@5.1.2 want: ^7.0.1
1683 silly placeDep node_modules/string-width-cjs emoji-regex@8.0.0 OK for: string-width@4.2.3 want: ^8.0.0
1684 silly placeDep ROOT is-fullwidth-code-point@3.0.0 OK for: string-width@4.2.3 want: ^3.0.0
1685 silly placeDep ROOT ansi-regex@5.0.1 OK for: strip-ansi@6.0.1 want: ^5.0.1
1686 silly placeDep ROOT has-flag@4.0.0 OK for: supports-color@7.2.0 want: ^4.0.0
1687 silly placeDep ROOT fdir@6.5.0 OK for: tinyglobby@0.2.17 want: ^6.5.0
1688 silly placeDep ROOT picomatch@4.0.5 OK for: tinyglobby@0.2.17 want: ^4.0.4
1689 silly placeDep ROOT @types/json5@0.0.29 OK for: tsconfig-paths@3.15.0 want: ^0.0.29
1690 silly placeDep ROOT json5@1.0.2 OK for: tsconfig-paths@3.15.0 want: ^1.0.2
1691 silly placeDep ROOT minimist@1.2.8 OK for: tsconfig-paths@3.15.0 want: ^1.2.6
1692 silly placeDep ROOT strip-bom@3.0.0 OK for: tsconfig-paths@3.15.0 want: ^3.0.0
1693 silly fetch manifest minimist@^1.2.0
1694 silly packumentCache full:https://registry.npmjs.org/minimist cache-miss
1695 http cache https://registry.npmjs.org/minimist 11ms (cache hit)
1696 silly packumentCache full:https://registry.npmjs.org/minimist set size:77063 disposed:false
1697 silly placeDep ROOT for-each@0.3.5 OK for: typed-array-byte-length@1.0.3 want: ^0.3.3
1698 silly placeDep ROOT reflect.getprototypeof@1.0.10 OK for: typed-array-byte-offset@1.0.4 want: ^1.0.9
1699 silly fetch manifest which-builtin-type@^1.2.1
1700 silly packumentCache full:https://registry.npmjs.org/which-builtin-type cache-miss
1701 http fetch GET 200 https://registry.npmjs.org/which-builtin-type 234ms (cache miss)
1702 silly packumentCache full:https://registry.npmjs.org/which-builtin-type set size:undefined disposed:false
1703 silly placeDep ROOT which-builtin-type@1.2.1 OK for: reflect.getprototypeof@1.0.10 want: ^1.2.1
1704 silly fetch manifest is-async-function@^2.0.0
1705 silly packumentCache full:https://registry.npmjs.org/is-async-function cache-miss
1706 silly fetch manifest is-finalizationregistry@^1.1.0
1707 silly packumentCache full:https://registry.npmjs.org/is-finalizationregistry cache-miss
1708 silly fetch manifest is-generator-function@^1.0.10
1709 silly packumentCache full:https://registry.npmjs.org/is-generator-function cache-miss
1710 silly fetch manifest which-boxed-primitive@^1.1.0
1711 silly packumentCache full:https://registry.npmjs.org/which-boxed-primitive cache-miss
1712 silly fetch manifest which-collection@^1.0.2
1713 silly packumentCache full:https://registry.npmjs.org/which-collection cache-miss
1714 http cache https://registry.npmjs.org/which-boxed-primitive 20ms (cache hit)
1715 silly packumentCache full:https://registry.npmjs.org/which-boxed-primitive set size:19407 disposed:false
1716 http fetch GET 200 https://registry.npmjs.org/is-async-function 248ms (cache miss)
1717 silly packumentCache full:https://registry.npmjs.org/is-async-function set size:undefined disposed:false
1718 http fetch GET 200 https://registry.npmjs.org/is-generator-function 258ms (cache miss)
1719 silly packumentCache full:https://registry.npmjs.org/is-generator-function set size:undefined disposed:false
1720 http fetch GET 200 https://registry.npmjs.org/is-finalizationregistry 264ms (cache miss)
1721 silly packumentCache full:https://registry.npmjs.org/is-finalizationregistry set size:undefined disposed:false
1722 http fetch GET 200 https://registry.npmjs.org/which-collection 263ms (cache miss)
1723 silly packumentCache full:https://registry.npmjs.org/which-collection set size:undefined disposed:false
1724 silly placeDep ROOT has-bigints@1.1.0 OK for: unbox-primitive@1.1.0 want: ^1.0.2
1725 silly placeDep ROOT which-boxed-primitive@1.1.1 OK for: unbox-primitive@1.1.0 want: ^1.1.1
1726 silly fetch manifest is-bigint@^1.1.0
1727 silly packumentCache full:https://registry.npmjs.org/is-bigint cache-miss
1728 silly fetch manifest is-boolean-object@^1.2.1
1729 silly packumentCache full:https://registry.npmjs.org/is-boolean-object cache-miss
1730 silly fetch manifest is-number-object@^1.1.1
1731 silly packumentCache full:https://registry.npmjs.org/is-number-object cache-miss
1732 http fetch GET 200 https://registry.npmjs.org/is-bigint 228ms (cache miss)
1733 silly packumentCache full:https://registry.npmjs.org/is-bigint set size:undefined disposed:false
1734 http fetch GET 200 https://registry.npmjs.org/is-number-object 232ms (cache miss)
1735 silly packumentCache full:https://registry.npmjs.org/is-number-object set size:undefined disposed:false
1736 http fetch GET 200 https://registry.npmjs.org/is-boolean-object 241ms (cache miss)
1737 silly packumentCache full:https://registry.npmjs.org/is-boolean-object set size:undefined disposed:false
1738 silly placeDep ROOT @unrs/resolver-binding-android-arm-eabi@1.12.2 OK for: unrs-resolver@1.12.2 want: 1.12.2
1739 silly placeDep ROOT @unrs/resolver-binding-android-arm64@1.12.2 OK for: unrs-resolver@1.12.2 want: 1.12.2
1740 silly placeDep ROOT @unrs/resolver-binding-darwin-arm64@1.12.2 OK for: unrs-resolver@1.12.2 want: 1.12.2
1741 silly placeDep ROOT @unrs/resolver-binding-darwin-x64@1.12.2 OK for: unrs-resolver@1.12.2 want: 1.12.2
1742 silly placeDep ROOT @unrs/resolver-binding-freebsd-x64@1.12.2 OK for: unrs-resolver@1.12.2 want: 1.12.2
1743 silly placeDep ROOT @unrs/resolver-binding-linux-arm-gnueabihf@1.12.2 OK for: unrs-resolver@1.12.2 want: 1.12.2
1744 silly placeDep ROOT @unrs/resolver-binding-linux-arm-musleabihf@1.12.2 OK for: unrs-resolver@1.12.2 want: 1.12.2
1745 silly placeDep ROOT @unrs/resolver-binding-linux-arm64-gnu@1.12.2 OK for: unrs-resolver@1.12.2 want: 1.12.2
1746 silly placeDep ROOT @unrs/resolver-binding-linux-arm64-musl@1.12.2 OK for: unrs-resolver@1.12.2 want: 1.12.2
1747 silly placeDep ROOT @unrs/resolver-binding-linux-loong64-gnu@1.12.2 OK for: unrs-resolver@1.12.2 want: 1.12.2
1748 silly placeDep ROOT @unrs/resolver-binding-linux-loong64-musl@1.12.2 OK for: unrs-resolver@1.12.2 want: 1.12.2
1749 silly placeDep ROOT @unrs/resolver-binding-linux-ppc64-gnu@1.12.2 OK for: unrs-resolver@1.12.2 want: 1.12.2
1750 silly placeDep ROOT @unrs/resolver-binding-linux-riscv64-gnu@1.12.2 OK for: unrs-resolver@1.12.2 want: 1.12.2
1751 silly placeDep ROOT @unrs/resolver-binding-linux-riscv64-musl@1.12.2 OK for: unrs-resolver@1.12.2 want: 1.12.2
1752 silly placeDep ROOT @unrs/resolver-binding-linux-s390x-gnu@1.12.2 OK for: unrs-resolver@1.12.2 want: 1.12.2
1753 silly placeDep ROOT @unrs/resolver-binding-linux-x64-gnu@1.12.2 OK for: unrs-resolver@1.12.2 want: 1.12.2
1754 silly placeDep ROOT @unrs/resolver-binding-linux-x64-musl@1.12.2 OK for: unrs-resolver@1.12.2 want: 1.12.2
1755 silly placeDep ROOT @unrs/resolver-binding-openharmony-arm64@1.12.2 OK for: unrs-resolver@1.12.2 want: 1.12.2
1756 silly placeDep ROOT @unrs/resolver-binding-wasm32-wasi@1.12.2 OK for: unrs-resolver@1.12.2 want: 1.12.2
1757 silly placeDep ROOT @unrs/resolver-binding-win32-arm64-msvc@1.12.2 OK for: unrs-resolver@1.12.2 want: 1.12.2
1758 silly placeDep ROOT @unrs/resolver-binding-win32-ia32-msvc@1.12.2 OK for: unrs-resolver@1.12.2 want: 1.12.2
1759 silly placeDep ROOT @unrs/resolver-binding-win32-x64-msvc@1.12.2 OK for: unrs-resolver@1.12.2 want: 1.12.2
1760 silly placeDep ROOT napi-postinstall@0.3.4 OK for: unrs-resolver@1.12.2 want: ^0.3.4
1761 silly fetch manifest @napi-rs/wasm-runtime@^1.1.4
1762 silly packumentCache full:https://registry.npmjs.org/@napi-rs%2fwasm-runtime cache-miss
1763 silly fetch manifest @emnapi/core@1.10.0
1764 silly packumentCache full:https://registry.npmjs.org/@emnapi%2fcore cache-miss
1765 silly fetch manifest @emnapi/runtime@1.10.0
1766 silly packumentCache full:https://registry.npmjs.org/@emnapi%2fruntime cache-miss
1767 http fetch GET 200 https://registry.npmjs.org/@napi-rs%2fwasm-runtime 69ms (cache miss)
1768 silly packumentCache full:https://registry.npmjs.org/@napi-rs%2fwasm-runtime set size:undefined disposed:false
1769 http fetch GET 200 https://registry.npmjs.org/@emnapi%2fruntime 103ms (cache miss)
1770 silly packumentCache full:https://registry.npmjs.org/@emnapi%2fruntime set size:undefined disposed:false
1771 http fetch GET 200 https://registry.npmjs.org/@emnapi%2fcore 113ms (cache miss)
1772 silly packumentCache full:https://registry.npmjs.org/@emnapi%2fcore set size:undefined disposed:false
1773 silly placeDep ROOT @emnapi/core@1.10.0 OK for: @unrs/resolver-binding-wasm32-wasi@1.12.2 want: 1.10.0
1774 silly placeDep ROOT @emnapi/runtime@1.10.0 OK for: @unrs/resolver-binding-wasm32-wasi@1.12.2 want: 1.10.0
1775 silly placeDep ROOT @napi-rs/wasm-runtime@1.1.6 OK for: @unrs/resolver-binding-wasm32-wasi@1.12.2 want: ^1.1.4
1776 silly fetch manifest @emnapi/wasi-threads@1.2.1
1777 silly packumentCache full:https://registry.npmjs.org/@emnapi%2fwasi-threads cache-miss
1778 silly fetch manifest @tybys/wasm-util@^0.10.3
1779 silly packumentCache full:https://registry.npmjs.org/@tybys%2fwasm-util cache-miss
1780 http fetch GET 200 https://registry.npmjs.org/@emnapi%2fwasi-threads 90ms (cache miss)
1781 silly packumentCache full:https://registry.npmjs.org/@emnapi%2fwasi-threads set size:undefined disposed:false
1782 http fetch GET 200 https://registry.npmjs.org/@tybys%2fwasm-util 113ms (cache miss)
1783 silly packumentCache full:https://registry.npmjs.org/@tybys%2fwasm-util set size:undefined disposed:false
1784 silly placeDep ROOT @emnapi/wasi-threads@1.2.1 OK for: @emnapi/core@1.10.0 want: 1.2.1
1785 silly placeDep ROOT @tybys/wasm-util@0.10.3 OK for: @napi-rs/wasm-runtime@1.1.6 want: ^0.10.3
1786 silly placeDep ROOT punycode@2.3.1 OK for: uri-js@4.4.1 want: ^2.1.0
1787 silly placeDep ROOT isexe@2.0.0 OK for: which@2.0.2 want: ^2.0.0
1788 silly placeDep ROOT is-bigint@1.1.0 OK for: which-boxed-primitive@1.1.1 want: ^1.1.0
1789 silly placeDep ROOT is-boolean-object@1.2.2 OK for: which-boxed-primitive@1.1.1 want: ^1.2.1
1790 silly placeDep ROOT is-number-object@1.1.1 OK for: which-boxed-primitive@1.1.1 want: ^1.1.1
1791 silly placeDep ROOT is-async-function@2.1.1 OK for: which-builtin-type@1.2.1 want: ^2.0.0
1792 silly placeDep ROOT is-finalizationregistry@1.1.1 OK for: which-builtin-type@1.2.1 want: ^1.1.0
1793 silly placeDep ROOT is-generator-function@1.1.2 OK for: which-builtin-type@1.2.1 want: ^1.0.10
1794 silly placeDep ROOT which-collection@1.0.2 OK for: which-builtin-type@1.2.1 want: ^1.0.2
1795 silly fetch manifest async-function@^1.0.0
1796 silly packumentCache full:https://registry.npmjs.org/async-function cache-miss
1797 silly fetch manifest generator-function@^2.0.0
1798 silly packumentCache full:https://registry.npmjs.org/generator-function cache-miss
1799 silly fetch manifest is-map@^2.0.3
1800 silly packumentCache full:https://registry.npmjs.org/is-map cache-miss
1801 silly fetch manifest is-weakmap@^2.0.2
1802 silly packumentCache full:https://registry.npmjs.org/is-weakmap cache-miss
1803 silly fetch manifest is-weakset@^2.0.3
1804 silly packumentCache full:https://registry.npmjs.org/is-weakset cache-miss
1805 http fetch GET 200 https://registry.npmjs.org/async-function 215ms (cache miss)
1806 silly packumentCache full:https://registry.npmjs.org/async-function set size:undefined disposed:false
1807 http fetch GET 200 https://registry.npmjs.org/generator-function 218ms (cache miss)
1808 silly packumentCache full:https://registry.npmjs.org/generator-function set size:undefined disposed:false
1809 http fetch GET 200 https://registry.npmjs.org/is-map 230ms (cache miss)
1810 silly packumentCache full:https://registry.npmjs.org/is-map set size:undefined disposed:false
1811 http fetch GET 200 https://registry.npmjs.org/is-weakmap 235ms (cache miss)
1812 silly packumentCache full:https://registry.npmjs.org/is-weakmap set size:undefined disposed:false
1813 http fetch GET 200 https://registry.npmjs.org/is-weakset 236ms (cache miss)
1814 silly packumentCache full:https://registry.npmjs.org/is-weakset set size:undefined disposed:false
1815 silly placeDep ROOT async-function@1.0.0 OK for: is-async-function@2.1.1 want: ^1.0.0
1816 silly placeDep ROOT generator-function@2.0.1 OK for: is-generator-function@1.1.2 want: ^2.0.0
1817 silly placeDep ROOT is-map@2.0.3 OK for: which-collection@1.0.2 want: ^2.0.3
1818 silly placeDep ROOT is-weakmap@2.0.2 OK for: which-collection@1.0.2 want: ^2.0.2
1819 silly placeDep ROOT is-weakset@2.0.4 OK for: which-collection@1.0.2 want: ^2.0.3
1820 silly placeDep node_modules/wrap-ansi ansi-styles@6.2.3 OK for: wrap-ansi@8.1.0 want: ^6.1.0
1821 silly placeDep node_modules/wrap-ansi strip-ansi@7.2.0 OK for: wrap-ansi@8.1.0 want: ^7.0.1
1822 silly placeDep node_modules/wrap-ansi-cjs string-width@4.2.3 OK for: wrap-ansi@7.0.0 want: ^4.1.0
1823 silly placeDep node_modules/@isaacs/cliui ansi-regex@6.2.2 OK for: strip-ansi@7.2.0 want: ^6.2.2
1824 silly placeDep node_modules/@typescript-eslint/typescript-estree brace-expansion@5.0.8 OK for: minimatch@10.2.5 want: ^5.0.5
1825 silly fetch manifest balanced-match@^4.0.2
1826 silly packumentCache full:https://registry.npmjs.org/balanced-match cache-miss
1827 http cache https://registry.npmjs.org/balanced-match 9ms (cache hit)
1828 silly packumentCache full:https://registry.npmjs.org/balanced-match set size:39082 disposed:false
1829 silly placeDep node_modules/@typescript-eslint/typescript-estree balanced-match@4.0.4 OK for: brace-expansion@5.0.8 want: ^4.0.2
1830 silly placeDep node_modules/glob brace-expansion@2.1.2 OK for: minimatch@9.0.9 want: ^2.0.2
1831 silly placeDep ROOT fs.realpath@1.0.0 OK for: glob@7.2.3 want: ^1.0.0
1832 silly placeDep ROOT inflight@1.0.6 OK for: glob@7.2.3 want: ^1.0.4
1833 silly placeDep ROOT inherits@2.0.4 OK for: glob@7.2.3 want: 2
1834 silly placeDep ROOT once@1.4.0 OK for: glob@7.2.3 want: ^1.3.0
1835 silly placeDep ROOT path-is-absolute@1.0.1 OK for: glob@7.2.3 want: ^1.0.0
1836 silly fetch manifest wrappy@1
1837 silly packumentCache full:https://registry.npmjs.org/wrappy cache-miss
1838 silly fetch manifest wrappy@1
1839 silly packumentCache full:https://registry.npmjs.org/wrappy cache-miss
1840 http fetch GET 200 https://registry.npmjs.org/wrappy 218ms (cache miss)
1841 silly packumentCache full:https://registry.npmjs.org/wrappy set size:undefined disposed:false
1842 http fetch GET 200 https://registry.npmjs.org/wrappy 220ms (cache miss)
1843 silly packumentCache full:https://registry.npmjs.org/wrappy set size:undefined disposed:false
1844 silly placeDep ROOT wrappy@1.0.2 OK for: inflight@1.0.6 want: 1
1845 silly placeDep node_modules/string-width ansi-regex@6.2.2 OK for: strip-ansi@7.2.0 want: ^6.2.2
1846 silly placeDep node_modules/wrap-ansi-cjs emoji-regex@8.0.0 OK for: string-width@4.2.3 want: ^8.0.0
1847 silly placeDep node_modules/wrap-ansi ansi-regex@6.2.2 OK for: strip-ansi@7.2.0 want: ^6.2.2
1848 silly reify moves {}
1849 silly audit bulk request {
1849 silly audit   '@esbuild/aix-ppc64': [ '0.28.1' ],
1849 silly audit   '@esbuild/android-arm': [ '0.28.1' ],
1849 silly audit   '@esbuild/android-arm64': [ '0.28.1' ],
1849 silly audit   '@esbuild/android-x64': [ '0.28.1' ],
1849 silly audit   '@esbuild/darwin-arm64': [ '0.28.1' ],
1849 silly audit   '@esbuild/darwin-x64': [ '0.28.1' ],
1849 silly audit   '@esbuild/freebsd-arm64': [ '0.28.1' ],
1849 silly audit   '@esbuild/freebsd-x64': [ '0.28.1' ],
1849 silly audit   '@esbuild/linux-arm': [ '0.28.1' ],
1849 silly audit   '@esbuild/linux-arm64': [ '0.28.1' ],
1849 silly audit   '@esbuild/linux-ia32': [ '0.28.1' ],
1849 silly audit   '@esbuild/linux-loong64': [ '0.28.1' ],
1849 silly audit   '@esbuild/linux-mips64el': [ '0.28.1' ],
1849 silly audit   '@esbuild/linux-ppc64': [ '0.28.1' ],
1849 silly audit   '@esbuild/linux-riscv64': [ '0.28.1' ],
1849 silly audit   '@esbuild/linux-s390x': [ '0.28.1' ],
1849 silly audit   '@esbuild/linux-x64': [ '0.28.1' ],
1849 silly audit   '@esbuild/netbsd-arm64': [ '0.28.1' ],
1849 silly audit   '@esbuild/netbsd-x64': [ '0.28.1' ],
1849 silly audit   '@esbuild/openbsd-arm64': [ '0.28.1' ],
1849 silly audit   '@esbuild/openbsd-x64': [ '0.28.1' ],
1849 silly audit   '@esbuild/openharmony-arm64': [ '0.28.1' ],
1849 silly audit   '@esbuild/sunos-x64': [ '0.28.1' ],
1849 silly audit   '@esbuild/win32-arm64': [ '0.28.1' ],
1849 silly audit   '@esbuild/win32-ia32': [ '0.28.1' ],
1849 silly audit   '@esbuild/win32-x64': [ '0.28.1' ],
1849 silly audit   '@next/env': [ '14.2.15' ],
1849 silly audit   '@next/swc-darwin-arm64': [ '14.2.15' ],
1849 silly audit   '@next/swc-darwin-x64': [ '14.2.15' ],
1849 silly audit   '@next/swc-linux-arm64-gnu': [ '14.2.15' ],
1849 silly audit   '@next/swc-linux-arm64-musl': [ '14.2.15' ],
1849 silly audit   '@next/swc-linux-x64-gnu': [ '14.2.15' ],
1849 silly audit   '@next/swc-linux-x64-musl': [ '14.2.15' ],
1849 silly audit   '@next/swc-win32-arm64-msvc': [ '14.2.15' ],
1849 silly audit   '@next/swc-win32-ia32-msvc': [ '14.2.15' ],
1849 silly audit   '@next/swc-win32-x64-msvc': [ '14.2.15' ],
1849 silly audit   '@prisma/client': [ '5.22.0' ],
1849 silly audit   '@prisma/debug': [ '5.22.0' ],
1849 silly audit   '@prisma/engines': [ '5.22.0' ],
1849 silly audit   '@prisma/engines-version': [ '5.22.0-44.605197351a3c8bdd595af2d2a9bc3025bca48ea2' ],
1849 silly audit   '@prisma/fetch-engine': [ '5.22.0' ],
1849 silly audit   '@prisma/get-platform': [ '5.22.0' ],
1849 silly audit   '@swc/counter': [ '0.1.3' ],
1849 silly audit   '@swc/helpers': [ '0.5.5' ],
1849 silly audit   '@types/bcryptjs': [ '2.4.6' ],
1849 silly audit   '@types/node': [ '20.19.43' ],
1849 silly audit   '@types/nodemailer': [ '6.4.24' ],
1849 silly audit   '@types/prop-types': [ '15.7.15' ],
1849 silly audit   '@types/react': [ '18.3.31' ],
1849 silly audit   '@types/react-dom': [ '18.3.7' ],
1849 silly audit   '@types/uuid': [ '10.0.0' ],
1849 silly audit   bcryptjs: [ '2.4.3' ],
1849 silly audit   busboy: [ '1.6.0' ],
1849 silly audit   'caniuse-lite': [ '1.0.30001806' ],
1849 silly audit   'client-only': [ '0.0.1' ],
1849 silly audit   csstype: [ '3.2.3' ],
1849 silly audit   esbuild: [ '0.28.1' ],
1849 silly audit   fsevents: [ '2.3.3' ],
1849 silly audit   'graceful-fs': [ '4.2.11' ],
1849 silly audit   jose: [ '5.10.0' ],
1849 silly audit   'js-tokens': [ '4.0.0' ],
1849 silly audit   'loose-envify': [ '1.4.0' ],
1849 silly audit   nanoid: [ '3.3.16' ],
1849 silly audit   next: [ '14.2.15' ],
1849 silly audit   nodemailer: [ '6.10.1' ],
1849 silly audit   picocolors: [ '1.1.1' ],
1849 silly audit   postcss: [ '8.4.31' ],
1849 silly audit   prisma: [ '5.22.0' ],
1849 silly audit   react: [ '18.3.1' ],
1849 silly audit   'react-dom': [ '18.3.1' ],
1849 silly audit   scheduler: [ '0.23.2' ],
1849 silly audit   'source-map-js': [ '1.2.1' ],
1849 silly audit   streamsearch: [ '1.1.0' ],
1849 silly audit   'styled-jsx': [ '5.1.1' ],
1849 silly audit   tslib: [ '2.8.1' ],
1849 silly audit   tsx: [ '4.23.1' ],
1849 silly audit   typescript: [ '5.9.3' ],
1849 silly audit   'undici-types': [ '6.21.0' ],
1849 silly audit   uuid: [ '10.0.0' ],
1849 silly audit   eslint: [ '8.57.1' ],
1849 silly audit   'eslint-config-next': [ '14.2.15' ],
1849 silly audit   '@eslint-community/eslint-utils': [ '4.10.1' ],
1849 silly audit   '@eslint-community/regexpp': [ '4.12.2' ],
1849 silly audit   '@eslint/eslintrc': [ '2.1.4' ],
1849 silly audit   '@eslint/js': [ '8.57.1' ],
1849 silly audit   '@humanwhocodes/config-array': [ '0.13.0' ],
1849 silly audit   '@humanwhocodes/module-importer': [ '1.0.1' ],
1849 silly audit   '@nodelib/fs.walk': [ '1.2.8' ],
1849 silly audit   '@ungap/structured-clone': [ '1.3.3' ],
1849 silly audit   ajv: [ '6.15.0' ],
1849 silly audit   chalk: [ '4.1.2' ],
1849 silly audit   'cross-spawn': [ '7.0.6' ],
1849 silly audit   debug: [ '4.4.3', '3.2.7' ],
1849 silly audit   doctrine: [ '3.0.0', '2.1.0' ],
1849 silly audit   'escape-string-regexp': [ '4.0.0' ],
1849 silly audit   'eslint-scope': [ '7.2.2' ],
1849 silly audit   'eslint-visitor-keys': [ '3.4.3', '5.0.1' ],
1849 silly audit   espree: [ '9.6.1' ],
1849 silly audit   esquery: [ '1.7.0' ],
1849 silly audit   esutils: [ '2.0.3' ],
1849 silly audit   'fast-deep-equal': [ '3.1.3' ],
1849 silly audit   'file-entry-cache': [ '6.0.1' ],
1849 silly audit   'find-up': [ '5.0.0' ],
1849 silly audit   'glob-parent': [ '6.0.2' ],
1849 silly audit   globals: [ '13.24.0' ],
1849 silly audit   graphemer: [ '1.4.0' ],
1849 silly audit   ignore: [ '5.3.2', '7.0.6' ],
1849 silly audit   imurmurhash: [ '0.1.4' ],
1849 silly audit   'is-glob': [ '4.0.3' ],
1849 silly audit   'is-path-inside': [ '3.0.3' ],
1849 silly audit   'js-yaml': [ '4.3.0' ],
1849 silly audit   'json-stable-stringify-without-jsonify': [ '1.0.1' ],
1849 silly audit   levn: [ '0.4.1' ],
1849 silly audit   'lodash.merge': [ '4.6.2' ],
1849 silly audit   minimatch: [ '3.1.5', '10.2.5', '9.0.9' ],
1849 silly audit   'natural-compare': [ '1.4.0' ],
1849 silly audit   optionator: [ '0.9.4' ],
1849 silly audit   'strip-ansi': [ '6.0.1', '7.2.0' ],
1849 silly audit   'text-table': [ '0.2.0' ],
1849 silly audit   'import-fresh': [ '3.3.1' ],
1849 silly audit   'strip-json-comments': [ '3.1.1' ],
1849 silly audit   '@humanwhocodes/object-schema': [ '2.0.3' ],
1849 silly audit   '@nodelib/fs.scandir': [ '2.1.5' ],
1849 silly audit   fastq: [ '1.20.1' ],
1849 silly audit   '@nodelib/fs.stat': [ '2.0.5' ],
1849 silly audit   'run-parallel': [ '1.2.0' ],
1849 silly audit   'fast-json-stable-stringify': [ '2.1.0' ],
1849 silly audit   'json-schema-traverse': [ '0.4.1' ],
1849 silly audit   'uri-js': [ '4.4.1' ],
1849 silly audit   'ansi-styles': [ '4.3.0', '6.2.3' ],
1849 silly audit   'supports-color': [ '7.2.0' ],
1849 silly audit   'color-convert': [ '2.0.1' ],
1849 silly audit   'color-name': [ '1.1.4' ],
1849 silly audit   'path-key': [ '3.1.1' ],
1849 silly audit   'shebang-command': [ '2.0.0' ],
1849 silly audit   which: [ '2.0.2' ],
1849 silly audit   ms: [ '2.1.3' ],
1849 silly audit   '@next/eslint-plugin-next': [ '14.2.15' ],
1849 silly audit   '@rushstack/eslint-patch': [ '1.16.1' ],
1849 silly audit   '@typescript-eslint/eslint-plugin': [ '8.65.0' ],
1849 silly audit   '@typescript-eslint/parser': [ '8.65.0' ],
1849 silly audit   'eslint-import-resolver-node': [ '0.3.10' ],
1849 silly audit   'eslint-import-resolver-typescript': [ '3.10.1' ],
1849 silly audit   'eslint-plugin-import': [ '2.32.0' ],
1849 silly audit   'eslint-plugin-jsx-a11y': [ '6.10.2' ],
1849 silly audit   'eslint-plugin-react': [ '7.37.5' ],
1849 silly audit   'eslint-plugin-react-hooks': [ '5.0.0-canary-7118f5dd7-20230705' ],
1849 silly audit   glob: [ '10.3.10', '7.2.3' ],
1849 silly audit   '@typescript-eslint/scope-manager': [ '8.65.0' ],
1849 silly audit   '@typescript-eslint/type-utils': [ '8.65.0' ],
1849 silly audit   '@typescript-eslint/utils': [ '8.65.0' ],
1849 silly audit   '@typescript-eslint/visitor-keys': [ '8.65.0' ],
1849 silly audit   'ts-api-utils': [ '2.5.0' ],
1849 silly audit   '@typescript-eslint/types': [ '8.65.0' ],
1849 silly audit   '@typescript-eslint/typescript-estree': [ '8.65.0' ],
1849 silly audit   '@typescript-eslint/project-service': [ '8.65.0' ],
1849 silly audit   '@typescript-eslint/tsconfig-utils': [ '8.65.0' ],
1849 silly audit   semver: [ '7.8.5', '6.3.1' ],
1849 silly audit   tinyglobby: [ '0.2.17' ],
1849 silly audit   'is-core-module': [ '2.16.2' ],
1849 silly audit   resolve: [ '2.0.0-next.7' ],
1849 silly audit   '@nolyfill/is-core-module': [ '1.0.39' ],
1849 silly audit   'get-tsconfig': [ '4.14.0' ],
1849 silly audit   'is-bun-module': [ '2.0.0' ],
1849 silly audit   'stable-hash': [ '0.0.5' ],
1849 silly audit   'unrs-resolver': [ '1.12.2' ],
1849 silly audit   '@rtsao/scc': [ '1.1.0' ],
1849 silly audit   'array-includes': [ '3.1.9' ],
1849 silly audit   'array.prototype.findlastindex': [ '1.2.6' ],
1849 silly audit   'array.prototype.flat': [ '1.3.3' ],
1849 silly audit   'array.prototype.flatmap': [ '1.3.3' ],
1849 silly audit   'eslint-module-utils': [ '2.14.0' ],
1849 silly audit   hasown: [ '2.0.4' ],
1849 silly audit   'object.fromentries': [ '2.0.8' ],
1849 silly audit   'object.groupby': [ '1.0.3' ],
1849 silly audit   'object.values': [ '1.2.1' ],
1849 silly audit   'string.prototype.trimend': [ '1.0.10' ],
1849 silly audit   'tsconfig-paths': [ '3.15.0' ],
1849 silly audit   'call-bind': [ '1.0.9' ],
1849 silly audit   'call-bound': [ '1.0.4' ],
1849 silly audit   'define-properties': [ '1.2.1' ],
1849 silly audit   'es-abstract': [ '1.24.2' ],
1849 silly audit   'es-object-atoms': [ '1.1.2' ],
1849 silly audit   'get-intrinsic': [ '1.3.0' ],
1849 silly audit   'is-string': [ '1.1.1' ],
1849 silly audit   'math-intrinsics': [ '1.1.0' ],
1849 silly audit   'es-errors': [ '1.3.0' ],
1849 silly audit   'es-shim-unscopables': [ '1.1.0' ],
1849 silly audit   'call-bind-apply-helpers': [ '1.0.2' ],
1849 silly audit   'es-define-property': [ '1.0.1' ],
1849 silly audit   'set-function-length': [ '1.2.2' ],
1849 silly audit   'function-bind': [ '1.1.2' ],
1849 silly audit   'define-data-property': [ '1.1.4' ],
1849 silly audit   'has-property-descriptors': [ '1.0.2' ],
1849 silly audit   'object-keys': [ '1.1.1' ],
1849 silly audit   gopd: [ '1.2.0' ],
1849 silly audit   'array-buffer-byte-length': [ '1.0.2' ],
1849 silly audit   'arraybuffer.prototype.slice': [ '1.0.4' ],
1849 silly audit   'available-typed-arrays': [ '1.0.7' ],
1849 silly audit   'data-view-buffer': [ '1.0.2' ],
1849 silly audit   'data-view-byte-length': [ '1.0.2' ],
1849 silly audit   'data-view-byte-offset': [ '1.0.1' ],
1849 silly audit   'es-set-tostringtag': [ '2.1.0' ],
1849 silly audit   'es-to-primitive': [ '1.3.4' ],
1849 silly audit   'function.prototype.name': [ '1.2.0' ],
1849 silly audit   'get-proto': [ '1.0.1' ],
1849 silly audit   'get-symbol-description': [ '1.1.0' ],
1849 silly audit   globalthis: [ '1.0.4' ],
1849 silly audit   'has-proto': [ '1.2.0' ],
1849 silly audit   'has-symbols': [ '1.1.0' ],
1849 silly audit   'internal-slot': [ '1.1.0' ],
1849 silly audit   'is-array-buffer': [ '3.0.5' ],
1849 silly audit   'is-callable': [ '1.2.7' ],
1849 silly audit   'is-data-view': [ '1.0.2' ],
1849 silly audit   'is-negative-zero': [ '2.0.3' ],
1849 silly audit   'is-regex': [ '1.2.1' ],
1849 silly audit   'is-set': [ '2.0.3' ],
1849 silly audit   'is-shared-array-buffer': [ '1.0.4' ],
1849 silly audit   'is-typed-array': [ '1.1.15' ],
1849 silly audit   'is-weakref': [ '1.1.1' ],
1849 silly audit   'object-inspect': [ '1.13.4' ],
1849 silly audit   'object.assign': [ '4.1.7' ],
1849 silly audit   'own-keys': [ '1.0.2' ],
1849 silly audit   'regexp.prototype.flags': [ '1.5.4' ],
1849 silly audit   'safe-array-concat': [ '1.1.4' ],
1849 silly audit   'safe-push-apply': [ '1.0.0' ],
1849 silly audit   'safe-regex-test': [ '1.1.0' ],
1849 silly audit   'set-proto': [ '1.0.0' ],
1849 silly audit   'stop-iteration-iterator': [ '1.1.0' ],
1849 silly audit   'string.prototype.trim': [ '1.2.11' ],
1849 silly audit   'string.prototype.trimstart': [ '1.0.8' ],
1849 silly audit   'typed-array-buffer': [ '1.0.3' ],
1849 silly audit   'typed-array-byte-length': [ '1.0.3' ],
1849 silly audit   'typed-array-byte-offset': [ '1.0.4' ],
1849 silly audit   'typed-array-length': [ '1.0.8' ],
1849 silly audit   'unbox-primitive': [ '1.1.0' ],
1849 silly audit   'which-typed-array': [ '1.1.22' ],
1849 silly audit   'possible-typed-array-names': [ '1.1.0' ],
1849 silly audit   'has-tostringtag': [ '1.0.2' ],
1849 silly audit   'es-abstract-get': [ '1.0.0' ],
1849 silly audit   'is-date-object': [ '1.1.0' ],
1849 silly audit   'is-symbol': [ '1.1.1' ],
1849 silly audit   'aria-query': [ '5.3.2' ],
1849 silly audit   'ast-types-flow': [ '0.0.8' ],
1849 silly audit   'axe-core': [ '4.12.1' ],
1849 silly audit   'axobject-query': [ '4.1.0' ],
1849 silly audit   'damerau-levenshtein': [ '1.0.8' ],
1849 silly audit   'emoji-regex': [ '9.2.2', '8.0.0' ],
1849 silly audit   'jsx-ast-utils': [ '3.3.5' ],
1849 silly audit   'language-tags': [ '1.0.9' ],
1849 silly audit   'string.prototype.includes': [ '2.0.1' ],
1849 silly audit   'array.prototype.findlast': [ '1.2.5' ],
1849 silly audit   'array.prototype.tosorted': [ '1.1.4' ],
1849 silly audit   'es-iterator-helpers': [ '1.4.0' ],
1849 silly audit   estraverse: [ '5.3.0' ],
1849 silly audit   'object.entries': [ '1.1.9' ],
1849 silly audit   'prop-types': [ '15.8.1' ],
1849 silly audit   'string.prototype.matchall': [ '4.0.12' ],
1849 silly audit   'string.prototype.repeat': [ '1.0.0' ],
1849 silly audit   'iterator.prototype': [ '1.1.5' ],
1849 silly audit   esrecurse: [ '4.3.0' ],
1849 silly audit   acorn: [ '8.17.0' ],
1849 silly audit   'acorn-jsx': [ '5.3.2' ],
1849 silly audit   reusify: [ '1.1.0' ],
1849 silly audit   'flat-cache': [ '3.2.0' ],
1849 silly audit   'locate-path': [ '6.0.0' ],
1849 silly audit   'path-exists': [ '4.0.0' ],
1849 silly audit   flatted: [ '3.4.3' ],
1849 silly audit   keyv: [ '4.5.4' ],
1849 silly audit   rimraf: [ '3.0.2' ],
1849 silly audit   'functions-have-names': [ '1.2.3' ],
1849 silly audit   'is-document.all': [ '1.0.0' ],
1849 silly audit   'dunder-proto': [ '1.0.1' ],
1849 silly audit   'resolve-pkg-maps': [ '1.0.0' ],
1849 silly audit   'foreground-child': [ '3.3.1' ],
1849 silly audit   jackspeak: [ '2.3.6' ],
1849 silly audit   minipass: [ '7.1.3' ],
1849 silly audit   'path-scurry': [ '1.11.1' ],
1849 silly audit   'signal-exit': [ '4.1.0' ],
1849 silly audit   'type-fest': [ '0.20.2' ],
1849 silly audit   'parent-module': [ '1.0.1' ],
1849 silly audit   'resolve-from': [ '4.0.0' ],
1849 silly audit   'side-channel': [ '1.1.1' ],
1849 silly audit   'is-extglob': [ '2.1.1' ],
1849 silly audit   'set-function-name': [ '2.0.2' ],
1849 silly audit   '@isaacs/cliui': [ '8.0.2' ],
1849 silly audit   '@pkgjs/parseargs': [ '0.11.0' ],
1849 silly audit   'string-width': [ '5.1.2', '4.2.3' ],
1849 silly audit   'wrap-ansi': [ '8.1.0', '7.0.0' ],
1849 silly audit   argparse: [ '2.0.1' ],
1849 silly audit   'json-buffer': [ '3.0.1' ],
1849 silly audit   'language-subtag-registry': [ '0.3.23' ],
1849 silly audit   'prelude-ls': [ '1.2.1' ],
1849 silly audit   'type-check': [ '0.4.0' ],
1849 silly audit   'p-locate': [ '5.0.0' ],
1849 silly audit   'brace-expansion': [ '1.1.16', '5.0.8', '2.1.2' ],
1849 silly audit   'balanced-match': [ '1.0.2', '4.0.4' ],
1849 silly audit   'concat-map': [ '0.0.1' ],
1849 silly audit   'deep-is': [ '0.1.4' ],
1849 silly audit   'fast-levenshtein': [ '2.0.6' ],
1849 silly audit   'word-wrap': [ '1.2.5' ],
1849 silly audit   'p-limit': [ '3.1.0' ],
1849 silly audit   'yocto-queue': [ '0.1.0' ],
1849 silly audit   callsites: [ '3.1.0' ],
1849 silly audit   'lru-cache': [ '10.4.3' ],
1849 silly audit   'object-assign': [ '4.1.1' ],
1849 silly audit   'react-is': [ '16.13.1' ],
1849 silly audit   'node-exports-info': [ '1.6.2' ],
1849 silly audit   'path-parse': [ '1.0.7' ],
1849 silly audit   'supports-preserve-symlinks-flag': [ '1.0.0' ],
1849 silly audit   'queue-microtask': [ '1.2.3' ],
1849 silly audit   isarray: [ '2.0.5' ],
1849 silly audit   'shebang-regex': [ '3.0.0' ],
1849 silly audit   'side-channel-list': [ '1.0.1' ],
1849 silly audit   'side-channel-map': [ '1.0.1' ],
1849 silly audit   'side-channel-weakmap': [ '1.0.2' ],
1849 silly audit   eastasianwidth: [ '0.2.0' ],
1849 silly audit   'is-fullwidth-code-point': [ '3.0.0' ],
1849 silly audit   'ansi-regex': [ '5.0.1', '6.2.2' ],
1849 silly audit   'has-flag': [ '4.0.0' ],
1849 silly audit   fdir: [ '6.5.0' ],
1849 silly audit   picomatch: [ '4.0.5' ],
1849 silly audit   '@types/json5': [ '0.0.29' ],
1849 silly audit   json5: [ '1.0.2' ],
1849 silly audit   minimist: [ '1.2.8' ],
1849 silly audit   'strip-bom': [ '3.0.0' ],
1849 silly audit   'for-each': [ '0.3.5' ],
1849 silly audit   'reflect.getprototypeof': [ '1.0.10' ],
1849 silly audit   'which-builtin-type': [ '1.2.1' ],
1849 silly audit   'has-bigints': [ '1.1.0' ],
1849 silly audit   'which-boxed-primitive': [ '1.1.1' ],
1849 silly audit   '@unrs/resolver-binding-android-arm-eabi': [ '1.12.2' ],
1849 silly audit   '@unrs/resolver-binding-android-arm64': [ '1.12.2' ],
1849 silly audit   '@unrs/resolver-binding-darwin-arm64': [ '1.12.2' ],
1849 silly audit   '@unrs/resolver-binding-darwin-x64': [ '1.12.2' ],
1849 silly audit   '@unrs/resolver-binding-freebsd-x64': [ '1.12.2' ],
1849 silly audit   '@unrs/resolver-binding-linux-arm-gnueabihf': [ '1.12.2' ],
1849 silly audit   '@unrs/resolver-binding-linux-arm-musleabihf': [ '1.12.2' ],
1849 silly audit   '@unrs/resolver-binding-linux-arm64-gnu': [ '1.12.2' ],
1849 silly audit   '@unrs/resolver-binding-linux-arm64-musl': [ '1.12.2' ],
1849 silly audit   '@unrs/resolver-binding-linux-loong64-gnu': [ '1.12.2' ],
1849 silly audit   '@unrs/resolver-binding-linux-loong64-musl': [ '1.12.2' ],
1849 silly audit   '@unrs/resolver-binding-linux-ppc64-gnu': [ '1.12.2' ],
1849 silly audit   '@unrs/resolver-binding-linux-riscv64-gnu': [ '1.12.2' ],
1849 silly audit   '@unrs/resolver-binding-linux-riscv64-musl': [ '1.12.2' ],
1849 silly audit   '@unrs/resolver-binding-linux-s390x-gnu': [ '1.12.2' ],
1849 silly audit   '@unrs/resolver-binding-linux-x64-gnu': [ '1.12.2' ],
1849 silly audit   '@unrs/resolver-binding-linux-x64-musl': [ '1.12.2' ],
1849 silly audit   '@unrs/resolver-binding-openharmony-arm64': [ '1.12.2' ],
1849 silly audit   '@unrs/resolver-binding-wasm32-wasi': [ '1.12.2' ],
1849 silly audit   '@unrs/resolver-binding-win32-arm64-msvc': [ '1.12.2' ],
1849 silly audit   '@unrs/resolver-binding-win32-ia32-msvc': [ '1.12.2' ],
1849 silly audit   '@unrs/resolver-binding-win32-x64-msvc': [ '1.12.2' ],
1849 silly audit   'napi-postinstall': [ '0.3.4' ],
1849 silly audit   '@emnapi/core': [ '1.10.0' ],
1849 silly audit   '@emnapi/runtime': [ '1.10.0' ],
1849 silly audit   '@napi-rs/wasm-runtime': [ '1.1.6' ],
1849 silly audit   '@emnapi/wasi-threads': [ '1.2.1' ],
1849 silly audit   '@tybys/wasm-util': [ '0.10.3' ],
1849 silly audit   punycode: [ '2.3.1' ],
1849 silly audit   isexe: [ '2.0.0' ],
1849 silly audit   'is-bigint': [ '1.1.0' ],
1849 silly audit   'is-boolean-object': [ '1.2.2' ],
1849 silly audit   'is-number-object': [ '1.1.1' ],
1849 silly audit   'is-async-function': [ '2.1.1' ],
1849 silly audit   'is-finalizationregistry': [ '1.1.1' ],
1849 silly audit   'is-generator-function': [ '1.1.2' ],
1849 silly audit   'which-collection': [ '1.0.2' ],
1849 silly audit   'async-function': [ '1.0.0' ],
1849 silly audit   'generator-function': [ '2.0.1' ],
1849 silly audit   'is-map': [ '2.0.3' ],
1849 silly audit   'is-weakmap': [ '2.0.2' ],
1849 silly audit   'is-weakset': [ '2.0.4' ],
1849 silly audit   'fs.realpath': [ '1.0.0' ],
1849 silly audit   inflight: [ '1.0.6' ],
1849 silly audit   inherits: [ '2.0.4' ],
1849 silly audit   once: [ '1.4.0' ],
1849 silly audit   'path-is-absolute': [ '1.0.1' ],
1849 silly audit   wrappy: [ '1.0.2' ]
1849 silly audit }
1850 http cache wrappy@https://registry.npmjs.org/wrappy/-/wrappy-1.0.2.tgz 1ms (cache hit)
1851 http cache path-is-absolute@https://registry.npmjs.org/path-is-absolute/-/path-is-absolute-1.0.1.tgz 0ms (cache hit)
1852 http cache once@https://registry.npmjs.org/once/-/once-1.4.0.tgz 0ms (cache hit)
1853 http cache inflight@https://registry.npmjs.org/inflight/-/inflight-1.0.6.tgz 0ms (cache hit)
1854 http cache fs.realpath@https://registry.npmjs.org/fs.realpath/-/fs.realpath-1.0.0.tgz 0ms (cache hit)
1855 http cache is-weakset@https://registry.npmjs.org/is-weakset/-/is-weakset-2.0.4.tgz 0ms (cache hit)
1856 http cache is-weakmap@https://registry.npmjs.org/is-weakmap/-/is-weakmap-2.0.2.tgz 0ms (cache hit)
1857 http cache is-map@https://registry.npmjs.org/is-map/-/is-map-2.0.3.tgz 0ms (cache hit)
1858 http cache inherits@https://registry.npmjs.org/inherits/-/inherits-2.0.4.tgz 0ms (cache hit)
1859 http cache generator-function@https://registry.npmjs.org/generator-function/-/generator-function-2.0.1.tgz 0ms (cache hit)
1860 http cache which-collection@https://registry.npmjs.org/which-collection/-/which-collection-1.0.2.tgz 0ms (cache hit)
1861 http cache is-generator-function@https://registry.npmjs.org/is-generator-function/-/is-generator-function-1.1.2.tgz 0ms (cache hit)
1862 http cache async-function@https://registry.npmjs.org/async-function/-/async-function-1.0.0.tgz 0ms (cache hit)
1863 http cache is-finalizationregistry@https://registry.npmjs.org/is-finalizationregistry/-/is-finalizationregistry-1.1.1.tgz 0ms (cache hit)
1864 http cache is-async-function@https://registry.npmjs.org/is-async-function/-/is-async-function-2.1.1.tgz 0ms (cache hit)
1865 http cache is-boolean-object@https://registry.npmjs.org/is-boolean-object/-/is-boolean-object-1.2.2.tgz 0ms (cache hit)
1866 http cache is-number-object@https://registry.npmjs.org/is-number-object/-/is-number-object-1.1.1.tgz 0ms (cache hit)
1867 http cache @unrs/resolver-binding-win32-x64-msvc@https://registry.npmjs.org/@unrs/resolver-binding-win32-x64-msvc/-/resolver-binding-win32-x64-msvc-1.12.2.tgz 0ms (cache hit)
1868 http cache punycode@https://registry.npmjs.org/punycode/-/punycode-2.3.1.tgz 0ms (cache hit)
1869 http cache is-bigint@https://registry.npmjs.org/is-bigint/-/is-bigint-1.1.0.tgz 0ms (cache hit)
1870 http cache isexe@https://registry.npmjs.org/isexe/-/isexe-2.0.0.tgz 0ms (cache hit)
1871 http cache which-boxed-primitive@https://registry.npmjs.org/which-boxed-primitive/-/which-boxed-primitive-1.1.1.tgz 0ms (cache hit)
1872 http cache has-bigints@https://registry.npmjs.org/has-bigints/-/has-bigints-1.1.0.tgz 0ms (cache hit)
1873 http cache for-each@https://registry.npmjs.org/for-each/-/for-each-0.3.5.tgz 0ms (cache hit)
1874 http cache napi-postinstall@https://registry.npmjs.org/napi-postinstall/-/napi-postinstall-0.3.4.tgz 0ms (cache hit)
1875 http cache which-builtin-type@https://registry.npmjs.org/which-builtin-type/-/which-builtin-type-1.2.1.tgz 0ms (cache hit)
1876 http cache reflect.getprototypeof@https://registry.npmjs.org/reflect.getprototypeof/-/reflect.getprototypeof-1.0.10.tgz 0ms (cache hit)
1877 http cache strip-bom@https://registry.npmjs.org/strip-bom/-/strip-bom-3.0.0.tgz 0ms (cache hit)
1878 http cache json5@https://registry.npmjs.org/json5/-/json5-1.0.2.tgz 0ms (cache hit)
1879 http cache minimist@https://registry.npmjs.org/minimist/-/minimist-1.2.8.tgz 0ms (cache hit)
1880 http cache has-flag@https://registry.npmjs.org/has-flag/-/has-flag-4.0.0.tgz 0ms (cache hit)
1881 http cache @types/json5@https://registry.npmjs.org/@types/json5/-/json5-0.0.29.tgz 0ms (cache hit)
1882 http cache picomatch@https://registry.npmjs.org/picomatch/-/picomatch-4.0.5.tgz 0ms (cache hit)
1883 http cache fdir@https://registry.npmjs.org/fdir/-/fdir-6.5.0.tgz 0ms (cache hit)
1884 http cache side-channel-weakmap@https://registry.npmjs.org/side-channel-weakmap/-/side-channel-weakmap-1.0.2.tgz 0ms (cache hit)
1885 http cache ansi-regex@https://registry.npmjs.org/ansi-regex/-/ansi-regex-5.0.1.tgz 0ms (cache hit)
1886 http cache is-fullwidth-code-point@https://registry.npmjs.org/is-fullwidth-code-point/-/is-fullwidth-code-point-3.0.0.tgz 0ms (cache hit)
1887 http cache eastasianwidth@https://registry.npmjs.org/eastasianwidth/-/eastasianwidth-0.2.0.tgz 0ms (cache hit)
1888 http cache side-channel-map@https://registry.npmjs.org/side-channel-map/-/side-channel-map-1.0.1.tgz 0ms (cache hit)
1889 http cache supports-preserve-symlinks-flag@https://registry.npmjs.org/supports-preserve-symlinks-flag/-/supports-preserve-symlinks-flag-1.0.0.tgz 0ms (cache hit)
1890 http cache side-channel-list@https://registry.npmjs.org/side-channel-list/-/side-channel-list-1.0.1.tgz 0ms (cache hit)
1891 http cache shebang-regex@https://registry.npmjs.org/shebang-regex/-/shebang-regex-3.0.0.tgz 0ms (cache hit)
1892 http cache isarray@https://registry.npmjs.org/isarray/-/isarray-2.0.5.tgz 0ms (cache hit)
1893 http cache path-parse@https://registry.npmjs.org/path-parse/-/path-parse-1.0.7.tgz 0ms (cache hit)
1894 http cache node-exports-info@https://registry.npmjs.org/node-exports-info/-/node-exports-info-1.6.2.tgz 0ms (cache hit)
1895 http cache react-is@https://registry.npmjs.org/react-is/-/react-is-16.13.1.tgz 0ms (cache hit)
1896 http cache lru-cache@https://registry.npmjs.org/lru-cache/-/lru-cache-10.4.3.tgz 0ms (cache hit)
1897 http cache queue-microtask@https://registry.npmjs.org/queue-microtask/-/queue-microtask-1.2.3.tgz 0ms (cache hit)
1898 http cache yocto-queue@https://registry.npmjs.org/yocto-queue/-/yocto-queue-0.1.0.tgz 0ms (cache hit)
1899 http cache callsites@https://registry.npmjs.org/callsites/-/callsites-3.1.0.tgz 0ms (cache hit)
1900 http cache object-assign@https://registry.npmjs.org/object-assign/-/object-assign-4.1.1.tgz 0ms (cache hit)
1901 http cache p-limit@https://registry.npmjs.org/p-limit/-/p-limit-3.1.0.tgz 0ms (cache hit)
1902 http cache word-wrap@https://registry.npmjs.org/word-wrap/-/word-wrap-1.2.5.tgz 0ms (cache hit)
1903 http cache fast-levenshtein@https://registry.npmjs.org/fast-levenshtein/-/fast-levenshtein-2.0.6.tgz 0ms (cache hit)
1904 http cache deep-is@https://registry.npmjs.org/deep-is/-/deep-is-0.1.4.tgz 0ms (cache hit)
1905 http cache concat-map@https://registry.npmjs.org/concat-map/-/concat-map-0.0.1.tgz 0ms (cache hit)
1906 http cache balanced-match@https://registry.npmjs.org/balanced-match/-/balanced-match-1.0.2.tgz 0ms (cache hit)
1907 http cache p-locate@https://registry.npmjs.org/p-locate/-/p-locate-5.0.0.tgz 0ms (cache hit)
1908 http cache language-subtag-registry@https://registry.npmjs.org/language-subtag-registry/-/language-subtag-registry-0.3.23.tgz 0ms (cache hit)
1909 http cache prelude-ls@https://registry.npmjs.org/prelude-ls/-/prelude-ls-1.2.1.tgz 0ms (cache hit)
1910 http cache json-buffer@https://registry.npmjs.org/json-buffer/-/json-buffer-3.0.1.tgz 0ms (cache hit)
1911 http cache brace-expansion@https://registry.npmjs.org/brace-expansion/-/brace-expansion-1.1.16.tgz 0ms (cache hit)
1912 http cache wrap-ansi@https://registry.npmjs.org/wrap-ansi/-/wrap-ansi-8.1.0.tgz 0ms (cache hit)
1913 http cache argparse@https://registry.npmjs.org/argparse/-/argparse-2.0.1.tgz 0ms (cache hit)
1914 http cache type-check@https://registry.npmjs.org/type-check/-/type-check-0.4.0.tgz 0ms (cache hit)
1915 http cache wrap-ansi-cjs@https://registry.npmjs.org/wrap-ansi/-/wrap-ansi-7.0.0.tgz 0ms (cache hit)
1916 http cache strip-ansi-cjs@https://registry.npmjs.org/strip-ansi/-/strip-ansi-6.0.1.tgz 0ms (cache hit)
1917 http cache string-width-cjs@https://registry.npmjs.org/string-width/-/string-width-4.2.3.tgz 0ms (cache hit)
1918 http cache @pkgjs/parseargs@https://registry.npmjs.org/@pkgjs/parseargs/-/parseargs-0.11.0.tgz 0ms (cache hit)
1919 http cache @isaacs/cliui@https://registry.npmjs.org/@isaacs/cliui/-/cliui-8.0.2.tgz 0ms (cache hit)
1920 http cache set-function-name@https://registry.npmjs.org/set-function-name/-/set-function-name-2.0.2.tgz 0ms (cache hit)
1921 http cache string-width@https://registry.npmjs.org/string-width/-/string-width-5.1.2.tgz 0ms (cache hit)
1922 http cache resolve-from@https://registry.npmjs.org/resolve-from/-/resolve-from-4.0.0.tgz 0ms (cache hit)
1923 http cache side-channel@https://registry.npmjs.org/side-channel/-/side-channel-1.1.1.tgz 0ms (cache hit)
1924 http cache is-extglob@https://registry.npmjs.org/is-extglob/-/is-extglob-2.1.1.tgz 0ms (cache hit)
1925 http cache parent-module@https://registry.npmjs.org/parent-module/-/parent-module-1.0.1.tgz 0ms (cache hit)
1926 http cache type-fest@https://registry.npmjs.org/type-fest/-/type-fest-0.20.2.tgz 0ms (cache hit)
1927 http cache foreground-child@https://registry.npmjs.org/foreground-child/-/foreground-child-3.3.1.tgz 0ms (cache hit)
1928 http cache path-scurry@https://registry.npmjs.org/path-scurry/-/path-scurry-1.11.1.tgz 0ms (cache hit)
1929 http cache signal-exit@https://registry.npmjs.org/signal-exit/-/signal-exit-4.1.0.tgz 0ms (cache hit)
1930 http cache minipass@https://registry.npmjs.org/minipass/-/minipass-7.1.3.tgz 0ms (cache hit)
1931 http cache jackspeak@https://registry.npmjs.org/jackspeak/-/jackspeak-2.3.6.tgz 0ms (cache hit)
1932 http cache resolve-pkg-maps@https://registry.npmjs.org/resolve-pkg-maps/-/resolve-pkg-maps-1.0.0.tgz 0ms (cache hit)
1933 http cache dunder-proto@https://registry.npmjs.org/dunder-proto/-/dunder-proto-1.0.1.tgz 0ms (cache hit)
1934 http cache functions-have-names@https://registry.npmjs.org/functions-have-names/-/functions-have-names-1.2.3.tgz 0ms (cache hit)
1935 http cache is-document.all@https://registry.npmjs.org/is-document.all/-/is-document.all-1.0.0.tgz 0ms (cache hit)
1936 http cache flatted@https://registry.npmjs.org/flatted/-/flatted-3.4.3.tgz 0ms (cache hit)
1937 http cache rimraf@https://registry.npmjs.org/rimraf/-/rimraf-3.0.2.tgz 0ms (cache hit)
1938 http cache keyv@https://registry.npmjs.org/keyv/-/keyv-4.5.4.tgz 0ms (cache hit)
1939 http cache flat-cache@https://registry.npmjs.org/flat-cache/-/flat-cache-3.2.0.tgz 0ms (cache hit)
1940 http cache locate-path@https://registry.npmjs.org/locate-path/-/locate-path-6.0.0.tgz 0ms (cache hit)
1941 http cache acorn-jsx@https://registry.npmjs.org/acorn-jsx/-/acorn-jsx-5.3.2.tgz 0ms (cache hit)
1942 http cache esrecurse@https://registry.npmjs.org/esrecurse/-/esrecurse-4.3.0.tgz 0ms (cache hit)
1943 http cache path-exists@https://registry.npmjs.org/path-exists/-/path-exists-4.0.0.tgz 0ms (cache hit)
1944 http cache reusify@https://registry.npmjs.org/reusify/-/reusify-1.1.0.tgz 0ms (cache hit)
1945 http cache acorn@https://registry.npmjs.org/acorn/-/acorn-8.17.0.tgz 0ms (cache hit)
1946 http cache iterator.prototype@https://registry.npmjs.org/iterator.prototype/-/iterator.prototype-1.1.5.tgz 0ms (cache hit)
1947 http cache object.entries@https://registry.npmjs.org/object.entries/-/object.entries-1.1.9.tgz 0ms (cache hit)
1948 http cache string.prototype.matchall@https://registry.npmjs.org/string.prototype.matchall/-/string.prototype.matchall-4.0.12.tgz 0ms (cache hit)
1949 http cache string.prototype.repeat@https://registry.npmjs.org/string.prototype.repeat/-/string.prototype.repeat-1.0.0.tgz 0ms (cache hit)
1950 http cache prop-types@https://registry.npmjs.org/prop-types/-/prop-types-15.8.1.tgz 0ms (cache hit)
1951 http cache estraverse@https://registry.npmjs.org/estraverse/-/estraverse-5.3.0.tgz 0ms (cache hit)
1952 http cache string.prototype.includes@https://registry.npmjs.org/string.prototype.includes/-/string.prototype.includes-2.0.1.tgz 0ms (cache hit)
1953 http cache array.prototype.findlast@https://registry.npmjs.org/array.prototype.findlast/-/array.prototype.findlast-1.2.5.tgz 0ms (cache hit)
1954 http cache language-tags@https://registry.npmjs.org/language-tags/-/language-tags-1.0.9.tgz 0ms (cache hit)
1955 http cache array.prototype.tosorted@https://registry.npmjs.org/array.prototype.tosorted/-/array.prototype.tosorted-1.1.4.tgz 0ms (cache hit)
1956 http cache es-iterator-helpers@https://registry.npmjs.org/es-iterator-helpers/-/es-iterator-helpers-1.4.0.tgz 0ms (cache hit)
1957 http cache emoji-regex@https://registry.npmjs.org/emoji-regex/-/emoji-regex-9.2.2.tgz 1ms (cache hit)
1958 http cache jsx-ast-utils@https://registry.npmjs.org/jsx-ast-utils/-/jsx-ast-utils-3.3.5.tgz 0ms (cache hit)
1959 http cache damerau-levenshtein@https://registry.npmjs.org/damerau-levenshtein/-/damerau-levenshtein-1.0.8.tgz 0ms (cache hit)
1960 http cache axe-core@https://registry.npmjs.org/axe-core/-/axe-core-4.12.1.tgz 0ms (cache hit)
1961 http cache axobject-query@https://registry.npmjs.org/axobject-query/-/axobject-query-4.1.0.tgz 0ms (cache hit)
1962 http cache ast-types-flow@https://registry.npmjs.org/ast-types-flow/-/ast-types-flow-0.0.8.tgz 0ms (cache hit)
1963 http cache aria-query@https://registry.npmjs.org/aria-query/-/aria-query-5.3.2.tgz 0ms (cache hit)
1964 http cache is-symbol@https://registry.npmjs.org/is-symbol/-/is-symbol-1.1.1.tgz 0ms (cache hit)
1965 http cache is-date-object@https://registry.npmjs.org/is-date-object/-/is-date-object-1.1.0.tgz 0ms (cache hit)
1966 http cache es-abstract-get@https://registry.npmjs.org/es-abstract-get/-/es-abstract-get-1.0.0.tgz 0ms (cache hit)
1967 http cache which-typed-array@https://registry.npmjs.org/which-typed-array/-/which-typed-array-1.1.22.tgz 0ms (cache hit)
1968 http cache has-tostringtag@https://registry.npmjs.org/has-tostringtag/-/has-tostringtag-1.0.2.tgz 0ms (cache hit)
1969 http cache possible-typed-array-names@https://registry.npmjs.org/possible-typed-array-names/-/possible-typed-array-names-1.1.0.tgz 0ms (cache hit)
1970 http cache typed-array-byte-offset@https://registry.npmjs.org/typed-array-byte-offset/-/typed-array-byte-offset-1.0.4.tgz 0ms (cache hit)
1971 http cache typed-array-buffer@https://registry.npmjs.org/typed-array-buffer/-/typed-array-buffer-1.0.3.tgz 0ms (cache hit)
1972 http cache unbox-primitive@https://registry.npmjs.org/unbox-primitive/-/unbox-primitive-1.1.0.tgz 0ms (cache hit)
1973 http cache string.prototype.trim@https://registry.npmjs.org/string.prototype.trim/-/string.prototype.trim-1.2.11.tgz 0ms (cache hit)
1974 http cache stop-iteration-iterator@https://registry.npmjs.org/stop-iteration-iterator/-/stop-iteration-iterator-1.1.0.tgz 0ms (cache hit)
1975 http cache typed-array-length@https://registry.npmjs.org/typed-array-length/-/typed-array-length-1.0.8.tgz 0ms (cache hit)
1976 http cache string.prototype.trimstart@https://registry.npmjs.org/string.prototype.trimstart/-/string.prototype.trimstart-1.0.8.tgz 0ms (cache hit)
1977 http cache set-proto@https://registry.npmjs.org/set-proto/-/set-proto-1.0.0.tgz 0ms (cache hit)
1978 http cache typed-array-byte-length@https://registry.npmjs.org/typed-array-byte-length/-/typed-array-byte-length-1.0.3.tgz 0ms (cache hit)
1979 http cache safe-array-concat@https://registry.npmjs.org/safe-array-concat/-/safe-array-concat-1.1.4.tgz 0ms (cache hit)
1980 http cache safe-push-apply@https://registry.npmjs.org/safe-push-apply/-/safe-push-apply-1.0.0.tgz 0ms (cache hit)
1981 http cache own-keys@https://registry.npmjs.org/own-keys/-/own-keys-1.0.2.tgz 0ms (cache hit)
1982 http cache safe-regex-test@https://registry.npmjs.org/safe-regex-test/-/safe-regex-test-1.1.0.tgz 0ms (cache hit)
1983 http cache object.assign@https://registry.npmjs.org/object.assign/-/object.assign-4.1.7.tgz 0ms (cache hit)
1984 http cache regexp.prototype.flags@https://registry.npmjs.org/regexp.prototype.flags/-/regexp.prototype.flags-1.5.4.tgz 0ms (cache hit)
1985 http cache is-weakref@https://registry.npmjs.org/is-weakref/-/is-weakref-1.1.1.tgz 0ms (cache hit)
1986 http cache object-inspect@https://registry.npmjs.org/object-inspect/-/object-inspect-1.13.4.tgz 0ms (cache hit)
1987 http cache is-set@https://registry.npmjs.org/is-set/-/is-set-2.0.3.tgz 0ms (cache hit)
1988 http cache is-typed-array@https://registry.npmjs.org/is-typed-array/-/is-typed-array-1.1.15.tgz 0ms (cache hit)
1989 http cache is-shared-array-buffer@https://registry.npmjs.org/is-shared-array-buffer/-/is-shared-array-buffer-1.0.4.tgz 0ms (cache hit)
1990 http cache is-regex@https://registry.npmjs.org/is-regex/-/is-regex-1.2.1.tgz 0ms (cache hit)
1991 http cache is-data-view@https://registry.npmjs.org/is-data-view/-/is-data-view-1.0.2.tgz 0ms (cache hit)
1992 http cache is-array-buffer@https://registry.npmjs.org/is-array-buffer/-/is-array-buffer-3.0.5.tgz 0ms (cache hit)
1993 http cache is-negative-zero@https://registry.npmjs.org/is-negative-zero/-/is-negative-zero-2.0.3.tgz 0ms (cache hit)
1994 http cache is-callable@https://registry.npmjs.org/is-callable/-/is-callable-1.2.7.tgz 0ms (cache hit)
1995 http cache has-symbols@https://registry.npmjs.org/has-symbols/-/has-symbols-1.1.0.tgz 0ms (cache hit)
1996 http cache internal-slot@https://registry.npmjs.org/internal-slot/-/internal-slot-1.1.0.tgz 0ms (cache hit)
1997 http cache has-proto@https://registry.npmjs.org/has-proto/-/has-proto-1.2.0.tgz 0ms (cache hit)
1998 http cache get-symbol-description@https://registry.npmjs.org/get-symbol-description/-/get-symbol-description-1.1.0.tgz 0ms (cache hit)
1999 http cache globalthis@https://registry.npmjs.org/globalthis/-/globalthis-1.0.4.tgz 0ms (cache hit)
2000 http cache function.prototype.name@https://registry.npmjs.org/function.prototype.name/-/function.prototype.name-1.2.0.tgz 0ms (cache hit)
2001 http cache get-proto@https://registry.npmjs.org/get-proto/-/get-proto-1.0.1.tgz 0ms (cache hit)
2002 http cache es-to-primitive@https://registry.npmjs.org/es-to-primitive/-/es-to-primitive-1.3.4.tgz 0ms (cache hit)
2003 http cache data-view-byte-offset@https://registry.npmjs.org/data-view-byte-offset/-/data-view-byte-offset-1.0.1.tgz 0ms (cache hit)
2004 http cache es-set-tostringtag@https://registry.npmjs.org/es-set-tostringtag/-/es-set-tostringtag-2.1.0.tgz 0ms (cache hit)
2005 http cache available-typed-arrays@https://registry.npmjs.org/available-typed-arrays/-/available-typed-arrays-1.0.7.tgz 0ms (cache hit)
2006 http cache data-view-buffer@https://registry.npmjs.org/data-view-buffer/-/data-view-buffer-1.0.2.tgz 0ms (cache hit)
2007 http cache data-view-byte-length@https://registry.npmjs.org/data-view-byte-length/-/data-view-byte-length-1.0.2.tgz 0ms (cache hit)
2008 http cache array-buffer-byte-length@https://registry.npmjs.org/array-buffer-byte-length/-/array-buffer-byte-length-1.0.2.tgz 0ms (cache hit)
2009 http cache gopd@https://registry.npmjs.org/gopd/-/gopd-1.2.0.tgz 0ms (cache hit)
2010 http cache has-property-descriptors@https://registry.npmjs.org/has-property-descriptors/-/has-property-descriptors-1.0.2.tgz 0ms (cache hit)
2011 http cache arraybuffer.prototype.slice@https://registry.npmjs.org/arraybuffer.prototype.slice/-/arraybuffer.prototype.slice-1.0.4.tgz 0ms (cache hit)
2012 http cache object-keys@https://registry.npmjs.org/object-keys/-/object-keys-1.1.1.tgz 0ms (cache hit)
2013 http cache function-bind@https://registry.npmjs.org/function-bind/-/function-bind-1.1.2.tgz 0ms (cache hit)
2014 http cache define-data-property@https://registry.npmjs.org/define-data-property/-/define-data-property-1.1.4.tgz 0ms (cache hit)
2015 http cache call-bind-apply-helpers@https://registry.npmjs.org/call-bind-apply-helpers/-/call-bind-apply-helpers-1.0.2.tgz 0ms (cache hit)
2016 http cache set-function-length@https://registry.npmjs.org/set-function-length/-/set-function-length-1.2.2.tgz 0ms (cache hit)
2017 http cache es-define-property@https://registry.npmjs.org/es-define-property/-/es-define-property-1.0.1.tgz 0ms (cache hit)
2018 http cache es-shim-unscopables@https://registry.npmjs.org/es-shim-unscopables/-/es-shim-unscopables-1.1.0.tgz 0ms (cache hit)
2019 http cache es-errors@https://registry.npmjs.org/es-errors/-/es-errors-1.3.0.tgz 0ms (cache hit)
2020 http cache math-intrinsics@https://registry.npmjs.org/math-intrinsics/-/math-intrinsics-1.1.0.tgz 0ms (cache hit)
2021 http cache es-object-atoms@https://registry.npmjs.org/es-object-atoms/-/es-object-atoms-1.1.2.tgz 0ms (cache hit)
2022 http cache is-string@https://registry.npmjs.org/is-string/-/is-string-1.1.1.tgz 0ms (cache hit)
2023 http cache define-properties@https://registry.npmjs.org/define-properties/-/define-properties-1.2.1.tgz 0ms (cache hit)
2024 http cache get-intrinsic@https://registry.npmjs.org/get-intrinsic/-/get-intrinsic-1.3.0.tgz 0ms (cache hit)
2025 http cache call-bind@https://registry.npmjs.org/call-bind/-/call-bind-1.0.9.tgz 0ms (cache hit)
2026 http cache es-abstract@https://registry.npmjs.org/es-abstract/-/es-abstract-1.24.2.tgz 0ms (cache hit)
2027 http cache string.prototype.trimend@https://registry.npmjs.org/string.prototype.trimend/-/string.prototype.trimend-1.0.10.tgz 1ms (cache hit)
2028 http cache call-bound@https://registry.npmjs.org/call-bound/-/call-bound-1.0.4.tgz 0ms (cache hit)
2029 http cache tsconfig-paths@https://registry.npmjs.org/tsconfig-paths/-/tsconfig-paths-3.15.0.tgz 0ms (cache hit)
2030 http cache hasown@https://registry.npmjs.org/hasown/-/hasown-2.0.4.tgz 0ms (cache hit)
2031 http cache object.groupby@https://registry.npmjs.org/object.groupby/-/object.groupby-1.0.3.tgz 0ms (cache hit)
2032 http cache object.values@https://registry.npmjs.org/object.values/-/object.values-1.2.1.tgz 0ms (cache hit)
2033 http cache object.fromentries@https://registry.npmjs.org/object.fromentries/-/object.fromentries-2.0.8.tgz 0ms (cache hit)
2034 http cache array.prototype.flatmap@https://registry.npmjs.org/array.prototype.flatmap/-/array.prototype.flatmap-1.3.3.tgz 0ms (cache hit)
2035 http cache eslint-module-utils@https://registry.npmjs.org/eslint-module-utils/-/eslint-module-utils-2.14.0.tgz 0ms (cache hit)
2036 http cache unrs-resolver@https://registry.npmjs.org/unrs-resolver/-/unrs-resolver-1.12.2.tgz 0ms (cache hit)
2037 http cache array.prototype.flat@https://registry.npmjs.org/array.prototype.flat/-/array.prototype.flat-1.3.3.tgz 0ms (cache hit)
2038 http cache array-includes@https://registry.npmjs.org/array-includes/-/array-includes-3.1.9.tgz 0ms (cache hit)
2039 http cache @rtsao/scc@https://registry.npmjs.org/@rtsao/scc/-/scc-1.1.0.tgz 0ms (cache hit)
2040 http cache array.prototype.findlastindex@https://registry.npmjs.org/array.prototype.findlastindex/-/array.prototype.findlastindex-1.2.6.tgz 0ms (cache hit)
2041 http cache stable-hash@https://registry.npmjs.org/stable-hash/-/stable-hash-0.0.5.tgz 0ms (cache hit)
2042 http cache get-tsconfig@https://registry.npmjs.org/get-tsconfig/-/get-tsconfig-4.14.0.tgz 0ms (cache hit)
2043 http cache @nolyfill/is-core-module@https://registry.npmjs.org/@nolyfill/is-core-module/-/is-core-module-1.0.39.tgz 0ms (cache hit)
2044 http cache is-bun-module@https://registry.npmjs.org/is-bun-module/-/is-bun-module-2.0.0.tgz 0ms (cache hit)
2045 http cache @typescript-eslint/tsconfig-utils@https://registry.npmjs.org/@typescript-eslint/tsconfig-utils/-/tsconfig-utils-8.65.0.tgz 0ms (cache hit)
2046 http cache resolve@https://registry.npmjs.org/resolve/-/resolve-2.0.0-next.7.tgz 0ms (cache hit)
2047 http cache semver@https://registry.npmjs.org/semver/-/semver-7.8.5.tgz 0ms (cache hit)
2048 http cache is-core-module@https://registry.npmjs.org/is-core-module/-/is-core-module-2.16.2.tgz 0ms (cache hit)
2049 http cache tinyglobby@https://registry.npmjs.org/tinyglobby/-/tinyglobby-0.2.17.tgz 0ms (cache hit)
2050 http cache ts-api-utils@https://registry.npmjs.org/ts-api-utils/-/ts-api-utils-2.5.0.tgz 0ms (cache hit)
2051 http cache @typescript-eslint/project-service@https://registry.npmjs.org/@typescript-eslint/project-service/-/project-service-8.65.0.tgz 0ms (cache hit)
2052 http cache @typescript-eslint/utils@https://registry.npmjs.org/@typescript-eslint/utils/-/utils-8.65.0.tgz 0ms (cache hit)
2053 http cache @typescript-eslint/visitor-keys@https://registry.npmjs.org/@typescript-eslint/visitor-keys/-/visitor-keys-8.65.0.tgz 0ms (cache hit)
2054 http cache @typescript-eslint/typescript-estree@https://registry.npmjs.org/@typescript-eslint/typescript-estree/-/typescript-estree-8.65.0.tgz 0ms (cache hit)
2055 http cache @typescript-eslint/types@https://registry.npmjs.org/@typescript-eslint/types/-/types-8.65.0.tgz 0ms (cache hit)
2056 http cache glob@https://registry.npmjs.org/glob/-/glob-10.3.10.tgz 0ms (cache hit)
2057 http cache @typescript-eslint/type-utils@https://registry.npmjs.org/@typescript-eslint/type-utils/-/type-utils-8.65.0.tgz 0ms (cache hit)
2058 http cache eslint-plugin-react-hooks@https://registry.npmjs.org/eslint-plugin-react-hooks/-/eslint-plugin-react-hooks-5.0.0-canary-7118f5dd7-20230705.tgz 0ms (cache hit)
2059 http cache @typescript-eslint/scope-manager@https://registry.npmjs.org/@typescript-eslint/scope-manager/-/scope-manager-8.65.0.tgz 0ms (cache hit)
2060 http cache eslint-plugin-react@https://registry.npmjs.org/eslint-plugin-react/-/eslint-plugin-react-7.37.5.tgz 0ms (cache hit)
2061 http cache eslint-plugin-import@https://registry.npmjs.org/eslint-plugin-import/-/eslint-plugin-import-2.32.0.tgz 0ms (cache hit)
2062 http cache eslint-plugin-jsx-a11y@https://registry.npmjs.org/eslint-plugin-jsx-a11y/-/eslint-plugin-jsx-a11y-6.10.2.tgz 1ms (cache hit)
2063 http cache eslint-import-resolver-node@https://registry.npmjs.org/eslint-import-resolver-node/-/eslint-import-resolver-node-0.3.10.tgz 0ms (cache hit)
2064 http cache @typescript-eslint/eslint-plugin@https://registry.npmjs.org/@typescript-eslint/eslint-plugin/-/eslint-plugin-8.65.0.tgz 0ms (cache hit)
2065 http cache eslint-import-resolver-typescript@https://registry.npmjs.org/eslint-import-resolver-typescript/-/eslint-import-resolver-typescript-3.10.1.tgz 0ms (cache hit)
2066 http cache @typescript-eslint/parser@https://registry.npmjs.org/@typescript-eslint/parser/-/parser-8.65.0.tgz 0ms (cache hit)
2067 http cache @rushstack/eslint-patch@https://registry.npmjs.org/@rushstack/eslint-patch/-/eslint-patch-1.16.1.tgz 0ms (cache hit)
2068 http cache @next/eslint-plugin-next@https://registry.npmjs.org/@next/eslint-plugin-next/-/eslint-plugin-next-14.2.15.tgz 0ms (cache hit)
2069 http cache ms@https://registry.npmjs.org/ms/-/ms-2.1.3.tgz 0ms (cache hit)
2070 http cache shebang-command@https://registry.npmjs.org/shebang-command/-/shebang-command-2.0.0.tgz 0ms (cache hit)
2071 http cache color-convert@https://registry.npmjs.org/color-convert/-/color-convert-2.0.1.tgz 0ms (cache hit)
2072 http cache which@https://registry.npmjs.org/which/-/which-2.0.2.tgz 0ms (cache hit)
2073 http cache color-name@https://registry.npmjs.org/color-name/-/color-name-1.1.4.tgz 0ms (cache hit)
2074 http cache supports-color@https://registry.npmjs.org/supports-color/-/supports-color-7.2.0.tgz 0ms (cache hit)
2075 http cache path-key@https://registry.npmjs.org/path-key/-/path-key-3.1.1.tgz 0ms (cache hit)
2076 http cache ansi-styles@https://registry.npmjs.org/ansi-styles/-/ansi-styles-4.3.0.tgz 0ms (cache hit)
2077 http cache json-schema-traverse@https://registry.npmjs.org/json-schema-traverse/-/json-schema-traverse-0.4.1.tgz 0ms (cache hit)
2078 http cache uri-js@https://registry.npmjs.org/uri-js/-/uri-js-4.4.1.tgz 0ms (cache hit)
2079 http cache run-parallel@https://registry.npmjs.org/run-parallel/-/run-parallel-1.2.0.tgz 0ms (cache hit)
2080 http cache fast-json-stable-stringify@https://registry.npmjs.org/fast-json-stable-stringify/-/fast-json-stable-stringify-2.1.0.tgz 0ms (cache hit)
2081 http cache @nodelib/fs.stat@https://registry.npmjs.org/@nodelib/fs.stat/-/fs.stat-2.0.5.tgz 0ms (cache hit)
2082 http cache @humanwhocodes/object-schema@https://registry.npmjs.org/@humanwhocodes/object-schema/-/object-schema-2.0.3.tgz 1ms (cache hit)
2083 http cache strip-json-comments@https://registry.npmjs.org/strip-json-comments/-/strip-json-comments-3.1.1.tgz 0ms (cache hit)
2084 http cache fastq@https://registry.npmjs.org/fastq/-/fastq-1.20.1.tgz 0ms (cache hit)
2085 http cache @nodelib/fs.scandir@https://registry.npmjs.org/@nodelib/fs.scandir/-/fs.scandir-2.1.5.tgz 0ms (cache hit)
2086 http cache strip-ansi@https://registry.npmjs.org/strip-ansi/-/strip-ansi-6.0.1.tgz 0ms (cache hit)
2087 http cache optionator@https://registry.npmjs.org/optionator/-/optionator-0.9.4.tgz 0ms (cache hit)
2088 http cache minimatch@https://registry.npmjs.org/minimatch/-/minimatch-3.1.5.tgz 0ms (cache hit)
2089 http cache import-fresh@https://registry.npmjs.org/import-fresh/-/import-fresh-3.3.1.tgz 0ms (cache hit)
2090 http cache text-table@https://registry.npmjs.org/text-table/-/text-table-0.2.0.tgz 0ms (cache hit)
2091 http cache natural-compare@https://registry.npmjs.org/natural-compare/-/natural-compare-1.4.0.tgz 0ms (cache hit)
2092 http cache lodash.merge@https://registry.npmjs.org/lodash.merge/-/lodash.merge-4.6.2.tgz 0ms (cache hit)
2093 http cache js-yaml@https://registry.npmjs.org/js-yaml/-/js-yaml-4.3.0.tgz 0ms (cache hit)
2094 http cache json-stable-stringify-without-jsonify@https://registry.npmjs.org/json-stable-stringify-without-jsonify/-/json-stable-stringify-without-jsonify-1.0.1.tgz 0ms (cache hit)
2095 http cache imurmurhash@https://registry.npmjs.org/imurmurhash/-/imurmurhash-0.1.4.tgz 0ms (cache hit)
2096 http cache is-path-inside@https://registry.npmjs.org/is-path-inside/-/is-path-inside-3.0.3.tgz 0ms (cache hit)
2097 http cache is-glob@https://registry.npmjs.org/is-glob/-/is-glob-4.0.3.tgz 0ms (cache hit)
2098 http cache graphemer@https://registry.npmjs.org/graphemer/-/graphemer-1.4.0.tgz 0ms (cache hit)
2099 http cache levn@https://registry.npmjs.org/levn/-/levn-0.4.1.tgz 0ms (cache hit)
2100 http cache glob-parent@https://registry.npmjs.org/glob-parent/-/glob-parent-6.0.2.tgz 0ms (cache hit)
2101 http cache globals@https://registry.npmjs.org/globals/-/globals-13.24.0.tgz 0ms (cache hit)
2102 http cache ignore@https://registry.npmjs.org/ignore/-/ignore-5.3.2.tgz 0ms (cache hit)
2103 http cache file-entry-cache@https://registry.npmjs.org/file-entry-cache/-/file-entry-cache-6.0.1.tgz 0ms (cache hit)
2104 http cache esutils@https://registry.npmjs.org/esutils/-/esutils-2.0.3.tgz 1ms (cache hit)
2105 http cache find-up@https://registry.npmjs.org/find-up/-/find-up-5.0.0.tgz 0ms (cache hit)
2106 http cache espree@https://registry.npmjs.org/espree/-/espree-9.6.1.tgz 0ms (cache hit)
2107 http cache doctrine@https://registry.npmjs.org/doctrine/-/doctrine-3.0.0.tgz 0ms (cache hit)
2108 http cache esquery@https://registry.npmjs.org/esquery/-/esquery-1.7.0.tgz 0ms (cache hit)
2109 http cache eslint-scope@https://registry.npmjs.org/eslint-scope/-/eslint-scope-7.2.2.tgz 0ms (cache hit)
2110 http cache fast-deep-equal@https://registry.npmjs.org/fast-deep-equal/-/fast-deep-equal-3.1.3.tgz 0ms (cache hit)
2111 http cache eslint-visitor-keys@https://registry.npmjs.org/eslint-visitor-keys/-/eslint-visitor-keys-3.4.3.tgz 0ms (cache hit)
2112 http cache debug@https://registry.npmjs.org/debug/-/debug-4.4.3.tgz 0ms (cache hit)
2113 http cache @ungap/structured-clone@https://registry.npmjs.org/@ungap/structured-clone/-/structured-clone-1.3.3.tgz 0ms (cache hit)
2114 http cache cross-spawn@https://registry.npmjs.org/cross-spawn/-/cross-spawn-7.0.6.tgz 0ms (cache hit)
2115 http cache @nodelib/fs.walk@https://registry.npmjs.org/@nodelib/fs.walk/-/fs.walk-1.2.8.tgz 0ms (cache hit)
2116 http cache chalk@https://registry.npmjs.org/chalk/-/chalk-4.1.2.tgz 0ms (cache hit)
2117 http cache escape-string-regexp@https://registry.npmjs.org/escape-string-regexp/-/escape-string-regexp-4.0.0.tgz 0ms (cache hit)
2118 http cache @humanwhocodes/module-importer@https://registry.npmjs.org/@humanwhocodes/module-importer/-/module-importer-1.0.1.tgz 0ms (cache hit)
2119 http cache @eslint/js@https://registry.npmjs.org/@eslint/js/-/js-8.57.1.tgz 0ms (cache hit)
2120 http cache @eslint/eslintrc@https://registry.npmjs.org/@eslint/eslintrc/-/eslintrc-2.1.4.tgz 0ms (cache hit)
2121 http cache ajv@https://registry.npmjs.org/ajv/-/ajv-6.15.0.tgz 0ms (cache hit)
2122 http cache @humanwhocodes/config-array@https://registry.npmjs.org/@humanwhocodes/config-array/-/config-array-0.13.0.tgz 0ms (cache hit)
2123 http cache @eslint-community/eslint-utils@https://registry.npmjs.org/@eslint-community/eslint-utils/-/eslint-utils-4.10.1.tgz 0ms (cache hit)
2124 http cache @eslint-community/regexpp@https://registry.npmjs.org/@eslint-community/regexpp/-/regexpp-4.12.2.tgz 0ms (cache hit)
2125 http cache semver@https://registry.npmjs.org/semver/-/semver-6.3.1.tgz 0ms (cache hit)
2126 http cache eslint@https://registry.npmjs.org/eslint/-/eslint-8.57.1.tgz 0ms (cache hit)
2127 http cache emoji-regex@https://registry.npmjs.org/emoji-regex/-/emoji-regex-8.0.0.tgz 0ms (cache hit)
2128 http cache ansi-regex@https://registry.npmjs.org/ansi-regex/-/ansi-regex-6.2.2.tgz 0ms (cache hit)
2129 http cache eslint-config-next@https://registry.npmjs.org/eslint-config-next/-/eslint-config-next-14.2.15.tgz 0ms (cache hit)
2130 http cache strip-ansi@https://registry.npmjs.org/strip-ansi/-/strip-ansi-7.2.0.tgz 0ms (cache hit)
2131 http cache strip-ansi@https://registry.npmjs.org/strip-ansi/-/strip-ansi-7.2.0.tgz 0ms (cache hit)
2132 http cache string-width@https://registry.npmjs.org/string-width/-/string-width-4.2.3.tgz 0ms (cache hit)
2133 http cache ansi-regex@https://registry.npmjs.org/ansi-regex/-/ansi-regex-6.2.2.tgz 0ms (cache hit)
2134 http cache emoji-regex@https://registry.npmjs.org/emoji-regex/-/emoji-regex-8.0.0.tgz 0ms (cache hit)
2135 http cache strip-ansi@https://registry.npmjs.org/strip-ansi/-/strip-ansi-7.2.0.tgz 0ms (cache hit)
2136 http cache ansi-styles@https://registry.npmjs.org/ansi-styles/-/ansi-styles-6.2.3.tgz 0ms (cache hit)
2137 http cache minimatch@https://registry.npmjs.org/minimatch/-/minimatch-10.2.5.tgz 0ms (cache hit)
2138 http cache debug@https://registry.npmjs.org/debug/-/debug-3.2.7.tgz 0ms (cache hit)
2139 http cache ansi-regex@https://registry.npmjs.org/ansi-regex/-/ansi-regex-6.2.2.tgz 0ms (cache hit)
2140 http cache eslint-visitor-keys@https://registry.npmjs.org/eslint-visitor-keys/-/eslint-visitor-keys-5.0.1.tgz 0ms (cache hit)
2141 http cache balanced-match@https://registry.npmjs.org/balanced-match/-/balanced-match-4.0.4.tgz 0ms (cache hit)
2142 http cache glob@https://registry.npmjs.org/glob/-/glob-7.2.3.tgz 0ms (cache hit)
2143 http cache minimatch@https://registry.npmjs.org/minimatch/-/minimatch-9.0.9.tgz 0ms (cache hit)
2144 http cache doctrine@https://registry.npmjs.org/doctrine/-/doctrine-2.1.0.tgz 0ms (cache hit)
2145 http cache brace-expansion@https://registry.npmjs.org/brace-expansion/-/brace-expansion-2.1.2.tgz 0ms (cache hit)
2146 http cache brace-expansion@https://registry.npmjs.org/brace-expansion/-/brace-expansion-5.0.8.tgz 0ms (cache hit)
2147 http cache semver@https://registry.npmjs.org/semver/-/semver-6.3.1.tgz 0ms (cache hit)
2148 http cache semver@https://registry.npmjs.org/semver/-/semver-6.3.1.tgz 0ms (cache hit)
2149 http cache doctrine@https://registry.npmjs.org/doctrine/-/doctrine-2.1.0.tgz 0ms (cache hit)
2150 http cache debug@https://registry.npmjs.org/debug/-/debug-3.2.7.tgz 0ms (cache hit)
2151 silly tarball no local data for wrappy@https://registry.npmjs.org/wrappy/-/wrappy-1.0.2.tgz. Extracting by manifest.
2152 silly tarball no local data for path-is-absolute@https://registry.npmjs.org/path-is-absolute/-/path-is-absolute-1.0.1.tgz. Extracting by manifest.
2153 silly tarball no local data for once@https://registry.npmjs.org/once/-/once-1.4.0.tgz. Extracting by manifest.
2154 silly tarball no local data for inflight@https://registry.npmjs.org/inflight/-/inflight-1.0.6.tgz. Extracting by manifest.
2155 silly tarball no local data for fs.realpath@https://registry.npmjs.org/fs.realpath/-/fs.realpath-1.0.0.tgz. Extracting by manifest.
2156 silly tarball no local data for is-weakset@https://registry.npmjs.org/is-weakset/-/is-weakset-2.0.4.tgz. Extracting by manifest.
2157 http cache debug@https://registry.npmjs.org/debug/-/debug-3.2.7.tgz 0ms (cache hit)
2158 silly tarball no local data for is-weakmap@https://registry.npmjs.org/is-weakmap/-/is-weakmap-2.0.2.tgz. Extracting by manifest.
2159 silly tarball no local data for is-map@https://registry.npmjs.org/is-map/-/is-map-2.0.3.tgz. Extracting by manifest.
2160 silly tarball no local data for inherits@https://registry.npmjs.org/inherits/-/inherits-2.0.4.tgz. Extracting by manifest.
2161 silly tarball no local data for generator-function@https://registry.npmjs.org/generator-function/-/generator-function-2.0.1.tgz. Extracting by manifest.
2162 silly tarball no local data for which-collection@https://registry.npmjs.org/which-collection/-/which-collection-1.0.2.tgz. Extracting by manifest.
2163 silly tarball no local data for is-generator-function@https://registry.npmjs.org/is-generator-function/-/is-generator-function-1.1.2.tgz. Extracting by manifest.
2164 silly tarball no local data for async-function@https://registry.npmjs.org/async-function/-/async-function-1.0.0.tgz. Extracting by manifest.
2165 silly tarball no local data for is-finalizationregistry@https://registry.npmjs.org/is-finalizationregistry/-/is-finalizationregistry-1.1.1.tgz. Extracting by manifest.
2166 silly tarball no local data for is-async-function@https://registry.npmjs.org/is-async-function/-/is-async-function-2.1.1.tgz. Extracting by manifest.
2167 silly tarball no local data for is-boolean-object@https://registry.npmjs.org/is-boolean-object/-/is-boolean-object-1.2.2.tgz. Extracting by manifest.
2168 silly tarball no local data for is-number-object@https://registry.npmjs.org/is-number-object/-/is-number-object-1.1.1.tgz. Extracting by manifest.
2169 http cache ignore@https://registry.npmjs.org/ignore/-/ignore-7.0.6.tgz 0ms (cache hit)
2170 silly tarball no local data for @unrs/resolver-binding-win32-x64-msvc@https://registry.npmjs.org/@unrs/resolver-binding-win32-x64-msvc/-/resolver-binding-win32-x64-msvc-1.12.2.tgz. Extracting by manifest.
2171 silly tarball no local data for punycode@https://registry.npmjs.org/punycode/-/punycode-2.3.1.tgz. Extracting by manifest.
2172 silly tarball no local data for is-bigint@https://registry.npmjs.org/is-bigint/-/is-bigint-1.1.0.tgz. Extracting by manifest.
2173 silly tarball no local data for isexe@https://registry.npmjs.org/isexe/-/isexe-2.0.0.tgz. Extracting by manifest.
2174 silly tarball no local data for which-boxed-primitive@https://registry.npmjs.org/which-boxed-primitive/-/which-boxed-primitive-1.1.1.tgz. Extracting by manifest.
2175 silly tarball no local data for has-bigints@https://registry.npmjs.org/has-bigints/-/has-bigints-1.1.0.tgz. Extracting by manifest.
2176 silly tarball no local data for for-each@https://registry.npmjs.org/for-each/-/for-each-0.3.5.tgz. Extracting by manifest.
2177 silly tarball no local data for napi-postinstall@https://registry.npmjs.org/napi-postinstall/-/napi-postinstall-0.3.4.tgz. Extracting by manifest.
2178 silly tarball no local data for which-builtin-type@https://registry.npmjs.org/which-builtin-type/-/which-builtin-type-1.2.1.tgz. Extracting by manifest.
2179 silly tarball no local data for reflect.getprototypeof@https://registry.npmjs.org/reflect.getprototypeof/-/reflect.getprototypeof-1.0.10.tgz. Extracting by manifest.
2180 silly tarball no local data for strip-bom@https://registry.npmjs.org/strip-bom/-/strip-bom-3.0.0.tgz. Extracting by manifest.
2181 silly tarball no local data for json5@https://registry.npmjs.org/json5/-/json5-1.0.2.tgz. Extracting by manifest.
2182 silly tarball no local data for minimist@https://registry.npmjs.org/minimist/-/minimist-1.2.8.tgz. Extracting by manifest.
2183 silly tarball no local data for has-flag@https://registry.npmjs.org/has-flag/-/has-flag-4.0.0.tgz. Extracting by manifest.
2184 silly tarball no local data for @types/json5@https://registry.npmjs.org/@types/json5/-/json5-0.0.29.tgz. Extracting by manifest.
2185 silly tarball no local data for picomatch@https://registry.npmjs.org/picomatch/-/picomatch-4.0.5.tgz. Extracting by manifest.
2186 silly tarball no local data for fdir@https://registry.npmjs.org/fdir/-/fdir-6.5.0.tgz. Extracting by manifest.
2187 silly tarball no local data for side-channel-weakmap@https://registry.npmjs.org/side-channel-weakmap/-/side-channel-weakmap-1.0.2.tgz. Extracting by manifest.
2188 silly tarball no local data for ansi-regex@https://registry.npmjs.org/ansi-regex/-/ansi-regex-5.0.1.tgz. Extracting by manifest.
2189 silly tarball no local data for is-fullwidth-code-point@https://registry.npmjs.org/is-fullwidth-code-point/-/is-fullwidth-code-point-3.0.0.tgz. Extracting by manifest.
2190 silly tarball no local data for eastasianwidth@https://registry.npmjs.org/eastasianwidth/-/eastasianwidth-0.2.0.tgz. Extracting by manifest.
2191 silly tarball no local data for side-channel-map@https://registry.npmjs.org/side-channel-map/-/side-channel-map-1.0.1.tgz. Extracting by manifest.
2192 silly tarball no local data for supports-preserve-symlinks-flag@https://registry.npmjs.org/supports-preserve-symlinks-flag/-/supports-preserve-symlinks-flag-1.0.0.tgz. Extracting by manifest.
2193 silly tarball no local data for side-channel-list@https://registry.npmjs.org/side-channel-list/-/side-channel-list-1.0.1.tgz. Extracting by manifest.
2194 silly tarball no local data for shebang-regex@https://registry.npmjs.org/shebang-regex/-/shebang-regex-3.0.0.tgz. Extracting by manifest.
2195 silly tarball no local data for isarray@https://registry.npmjs.org/isarray/-/isarray-2.0.5.tgz. Extracting by manifest.
2196 silly tarball no local data for path-parse@https://registry.npmjs.org/path-parse/-/path-parse-1.0.7.tgz. Extracting by manifest.
2197 silly tarball no local data for node-exports-info@https://registry.npmjs.org/node-exports-info/-/node-exports-info-1.6.2.tgz. Extracting by manifest.
2198 silly tarball no local data for react-is@https://registry.npmjs.org/react-is/-/react-is-16.13.1.tgz. Extracting by manifest.
2199 silly tarball no local data for lru-cache@https://registry.npmjs.org/lru-cache/-/lru-cache-10.4.3.tgz. Extracting by manifest.
2200 silly tarball no local data for queue-microtask@https://registry.npmjs.org/queue-microtask/-/queue-microtask-1.2.3.tgz. Extracting by manifest.
2201 silly tarball no local data for yocto-queue@https://registry.npmjs.org/yocto-queue/-/yocto-queue-0.1.0.tgz. Extracting by manifest.
2202 silly tarball no local data for callsites@https://registry.npmjs.org/callsites/-/callsites-3.1.0.tgz. Extracting by manifest.
2203 silly tarball no local data for object-assign@https://registry.npmjs.org/object-assign/-/object-assign-4.1.1.tgz. Extracting by manifest.
2204 silly tarball no local data for p-limit@https://registry.npmjs.org/p-limit/-/p-limit-3.1.0.tgz. Extracting by manifest.
2205 silly tarball no local data for word-wrap@https://registry.npmjs.org/word-wrap/-/word-wrap-1.2.5.tgz. Extracting by manifest.
2206 silly tarball no local data for fast-levenshtein@https://registry.npmjs.org/fast-levenshtein/-/fast-levenshtein-2.0.6.tgz. Extracting by manifest.
2207 silly tarball no local data for deep-is@https://registry.npmjs.org/deep-is/-/deep-is-0.1.4.tgz. Extracting by manifest.
2208 silly tarball no local data for concat-map@https://registry.npmjs.org/concat-map/-/concat-map-0.0.1.tgz. Extracting by manifest.
2209 silly tarball no local data for balanced-match@https://registry.npmjs.org/balanced-match/-/balanced-match-1.0.2.tgz. Extracting by manifest.
2210 silly tarball no local data for p-locate@https://registry.npmjs.org/p-locate/-/p-locate-5.0.0.tgz. Extracting by manifest.
2211 silly tarball no local data for language-subtag-registry@https://registry.npmjs.org/language-subtag-registry/-/language-subtag-registry-0.3.23.tgz. Extracting by manifest.
2212 silly tarball no local data for prelude-ls@https://registry.npmjs.org/prelude-ls/-/prelude-ls-1.2.1.tgz. Extracting by manifest.
2213 silly tarball no local data for json-buffer@https://registry.npmjs.org/json-buffer/-/json-buffer-3.0.1.tgz. Extracting by manifest.
2214 silly tarball no local data for brace-expansion@https://registry.npmjs.org/brace-expansion/-/brace-expansion-1.1.16.tgz. Extracting by manifest.
2215 silly tarball no local data for wrap-ansi@https://registry.npmjs.org/wrap-ansi/-/wrap-ansi-8.1.0.tgz. Extracting by manifest.
2216 silly tarball no local data for argparse@https://registry.npmjs.org/argparse/-/argparse-2.0.1.tgz. Extracting by manifest.
2217 silly tarball no local data for type-check@https://registry.npmjs.org/type-check/-/type-check-0.4.0.tgz. Extracting by manifest.
2218 silly tarball no local data for wrap-ansi-cjs@https://registry.npmjs.org/wrap-ansi/-/wrap-ansi-7.0.0.tgz. Extracting by manifest.
2219 silly tarball no local data for strip-ansi-cjs@https://registry.npmjs.org/strip-ansi/-/strip-ansi-6.0.1.tgz. Extracting by manifest.
2220 silly tarball no local data for string-width-cjs@https://registry.npmjs.org/string-width/-/string-width-4.2.3.tgz. Extracting by manifest.
2221 silly tarball no local data for @pkgjs/parseargs@https://registry.npmjs.org/@pkgjs/parseargs/-/parseargs-0.11.0.tgz. Extracting by manifest.
2222 silly tarball no local data for @isaacs/cliui@https://registry.npmjs.org/@isaacs/cliui/-/cliui-8.0.2.tgz. Extracting by manifest.
2223 silly tarball no local data for set-function-name@https://registry.npmjs.org/set-function-name/-/set-function-name-2.0.2.tgz. Extracting by manifest.
2224 silly tarball no local data for string-width@https://registry.npmjs.org/string-width/-/string-width-5.1.2.tgz. Extracting by manifest.
2225 silly tarball no local data for resolve-from@https://registry.npmjs.org/resolve-from/-/resolve-from-4.0.0.tgz. Extracting by manifest.
2226 silly tarball no local data for side-channel@https://registry.npmjs.org/side-channel/-/side-channel-1.1.1.tgz. Extracting by manifest.
2227 silly tarball no local data for is-extglob@https://registry.npmjs.org/is-extglob/-/is-extglob-2.1.1.tgz. Extracting by manifest.
2228 silly tarball no local data for parent-module@https://registry.npmjs.org/parent-module/-/parent-module-1.0.1.tgz. Extracting by manifest.
2229 silly tarball no local data for type-fest@https://registry.npmjs.org/type-fest/-/type-fest-0.20.2.tgz. Extracting by manifest.
2230 silly tarball no local data for foreground-child@https://registry.npmjs.org/foreground-child/-/foreground-child-3.3.1.tgz. Extracting by manifest.
2231 silly tarball no local data for path-scurry@https://registry.npmjs.org/path-scurry/-/path-scurry-1.11.1.tgz. Extracting by manifest.
2232 silly tarball no local data for signal-exit@https://registry.npmjs.org/signal-exit/-/signal-exit-4.1.0.tgz. Extracting by manifest.
2233 silly tarball no local data for minipass@https://registry.npmjs.org/minipass/-/minipass-7.1.3.tgz. Extracting by manifest.
2234 silly tarball no local data for jackspeak@https://registry.npmjs.org/jackspeak/-/jackspeak-2.3.6.tgz. Extracting by manifest.
2235 silly tarball no local data for resolve-pkg-maps@https://registry.npmjs.org/resolve-pkg-maps/-/resolve-pkg-maps-1.0.0.tgz. Extracting by manifest.
2236 silly tarball no local data for dunder-proto@https://registry.npmjs.org/dunder-proto/-/dunder-proto-1.0.1.tgz. Extracting by manifest.
2237 silly tarball no local data for functions-have-names@https://registry.npmjs.org/functions-have-names/-/functions-have-names-1.2.3.tgz. Extracting by manifest.
2238 silly tarball no local data for is-document.all@https://registry.npmjs.org/is-document.all/-/is-document.all-1.0.0.tgz. Extracting by manifest.
2239 silly tarball no local data for flatted@https://registry.npmjs.org/flatted/-/flatted-3.4.3.tgz. Extracting by manifest.
2240 silly tarball no local data for rimraf@https://registry.npmjs.org/rimraf/-/rimraf-3.0.2.tgz. Extracting by manifest.
2241 silly tarball no local data for keyv@https://registry.npmjs.org/keyv/-/keyv-4.5.4.tgz. Extracting by manifest.
2242 silly tarball no local data for flat-cache@https://registry.npmjs.org/flat-cache/-/flat-cache-3.2.0.tgz. Extracting by manifest.
2243 silly tarball no local data for locate-path@https://registry.npmjs.org/locate-path/-/locate-path-6.0.0.tgz. Extracting by manifest.
2244 silly tarball no local data for acorn-jsx@https://registry.npmjs.org/acorn-jsx/-/acorn-jsx-5.3.2.tgz. Extracting by manifest.
2245 silly tarball no local data for esrecurse@https://registry.npmjs.org/esrecurse/-/esrecurse-4.3.0.tgz. Extracting by manifest.
2246 silly tarball no local data for path-exists@https://registry.npmjs.org/path-exists/-/path-exists-4.0.0.tgz. Extracting by manifest.
2247 silly tarball no local data for reusify@https://registry.npmjs.org/reusify/-/reusify-1.1.0.tgz. Extracting by manifest.
2248 silly tarball no local data for acorn@https://registry.npmjs.org/acorn/-/acorn-8.17.0.tgz. Extracting by manifest.
2249 silly tarball no local data for iterator.prototype@https://registry.npmjs.org/iterator.prototype/-/iterator.prototype-1.1.5.tgz. Extracting by manifest.
2250 silly tarball no local data for object.entries@https://registry.npmjs.org/object.entries/-/object.entries-1.1.9.tgz. Extracting by manifest.
2251 silly tarball no local data for string.prototype.matchall@https://registry.npmjs.org/string.prototype.matchall/-/string.prototype.matchall-4.0.12.tgz. Extracting by manifest.
2252 silly tarball no local data for string.prototype.repeat@https://registry.npmjs.org/string.prototype.repeat/-/string.prototype.repeat-1.0.0.tgz. Extracting by manifest.
2253 silly tarball no local data for prop-types@https://registry.npmjs.org/prop-types/-/prop-types-15.8.1.tgz. Extracting by manifest.
2254 silly tarball no local data for estraverse@https://registry.npmjs.org/estraverse/-/estraverse-5.3.0.tgz. Extracting by manifest.
2255 silly tarball no local data for string.prototype.includes@https://registry.npmjs.org/string.prototype.includes/-/string.prototype.includes-2.0.1.tgz. Extracting by manifest.
2256 silly tarball no local data for array.prototype.findlast@https://registry.npmjs.org/array.prototype.findlast/-/array.prototype.findlast-1.2.5.tgz. Extracting by manifest.
2257 silly tarball no local data for language-tags@https://registry.npmjs.org/language-tags/-/language-tags-1.0.9.tgz. Extracting by manifest.
2258 silly tarball no local data for array.prototype.tosorted@https://registry.npmjs.org/array.prototype.tosorted/-/array.prototype.tosorted-1.1.4.tgz. Extracting by manifest.
2259 silly tarball no local data for es-iterator-helpers@https://registry.npmjs.org/es-iterator-helpers/-/es-iterator-helpers-1.4.0.tgz. Extracting by manifest.
2260 silly tarball no local data for emoji-regex@https://registry.npmjs.org/emoji-regex/-/emoji-regex-9.2.2.tgz. Extracting by manifest.
2261 silly tarball no local data for jsx-ast-utils@https://registry.npmjs.org/jsx-ast-utils/-/jsx-ast-utils-3.3.5.tgz. Extracting by manifest.
2262 silly tarball no local data for damerau-levenshtein@https://registry.npmjs.org/damerau-levenshtein/-/damerau-levenshtein-1.0.8.tgz. Extracting by manifest.
2263 silly tarball no local data for axe-core@https://registry.npmjs.org/axe-core/-/axe-core-4.12.1.tgz. Extracting by manifest.
2264 silly tarball no local data for axobject-query@https://registry.npmjs.org/axobject-query/-/axobject-query-4.1.0.tgz. Extracting by manifest.
2265 silly tarball no local data for ast-types-flow@https://registry.npmjs.org/ast-types-flow/-/ast-types-flow-0.0.8.tgz. Extracting by manifest.
2266 silly tarball no local data for aria-query@https://registry.npmjs.org/aria-query/-/aria-query-5.3.2.tgz. Extracting by manifest.
2267 silly tarball no local data for is-symbol@https://registry.npmjs.org/is-symbol/-/is-symbol-1.1.1.tgz. Extracting by manifest.
2268 silly tarball no local data for is-date-object@https://registry.npmjs.org/is-date-object/-/is-date-object-1.1.0.tgz. Extracting by manifest.
2269 silly tarball no local data for es-abstract-get@https://registry.npmjs.org/es-abstract-get/-/es-abstract-get-1.0.0.tgz. Extracting by manifest.
2270 silly tarball no local data for which-typed-array@https://registry.npmjs.org/which-typed-array/-/which-typed-array-1.1.22.tgz. Extracting by manifest.
2271 silly tarball no local data for has-tostringtag@https://registry.npmjs.org/has-tostringtag/-/has-tostringtag-1.0.2.tgz. Extracting by manifest.
2272 silly tarball no local data for possible-typed-array-names@https://registry.npmjs.org/possible-typed-array-names/-/possible-typed-array-names-1.1.0.tgz. Extracting by manifest.
2273 silly tarball no local data for typed-array-byte-offset@https://registry.npmjs.org/typed-array-byte-offset/-/typed-array-byte-offset-1.0.4.tgz. Extracting by manifest.
2274 silly tarball no local data for typed-array-buffer@https://registry.npmjs.org/typed-array-buffer/-/typed-array-buffer-1.0.3.tgz. Extracting by manifest.
2275 silly tarball no local data for unbox-primitive@https://registry.npmjs.org/unbox-primitive/-/unbox-primitive-1.1.0.tgz. Extracting by manifest.
2276 silly tarball no local data for string.prototype.trim@https://registry.npmjs.org/string.prototype.trim/-/string.prototype.trim-1.2.11.tgz. Extracting by manifest.
2277 silly tarball no local data for stop-iteration-iterator@https://registry.npmjs.org/stop-iteration-iterator/-/stop-iteration-iterator-1.1.0.tgz. Extracting by manifest.
2278 silly tarball no local data for typed-array-length@https://registry.npmjs.org/typed-array-length/-/typed-array-length-1.0.8.tgz. Extracting by manifest.
2279 silly tarball no local data for string.prototype.trimstart@https://registry.npmjs.org/string.prototype.trimstart/-/string.prototype.trimstart-1.0.8.tgz. Extracting by manifest.
2280 silly tarball no local data for set-proto@https://registry.npmjs.org/set-proto/-/set-proto-1.0.0.tgz. Extracting by manifest.
2281 silly tarball no local data for typed-array-byte-length@https://registry.npmjs.org/typed-array-byte-length/-/typed-array-byte-length-1.0.3.tgz. Extracting by manifest.
2282 silly tarball no local data for safe-array-concat@https://registry.npmjs.org/safe-array-concat/-/safe-array-concat-1.1.4.tgz. Extracting by manifest.
2283 silly tarball no local data for safe-push-apply@https://registry.npmjs.org/safe-push-apply/-/safe-push-apply-1.0.0.tgz. Extracting by manifest.
2284 silly tarball no local data for own-keys@https://registry.npmjs.org/own-keys/-/own-keys-1.0.2.tgz. Extracting by manifest.
2285 silly tarball no local data for safe-regex-test@https://registry.npmjs.org/safe-regex-test/-/safe-regex-test-1.1.0.tgz. Extracting by manifest.
2286 silly tarball no local data for object.assign@https://registry.npmjs.org/object.assign/-/object.assign-4.1.7.tgz. Extracting by manifest.
2287 silly tarball no local data for regexp.prototype.flags@https://registry.npmjs.org/regexp.prototype.flags/-/regexp.prototype.flags-1.5.4.tgz. Extracting by manifest.
2288 silly tarball no local data for is-weakref@https://registry.npmjs.org/is-weakref/-/is-weakref-1.1.1.tgz. Extracting by manifest.
2289 silly tarball no local data for object-inspect@https://registry.npmjs.org/object-inspect/-/object-inspect-1.13.4.tgz. Extracting by manifest.
2290 silly tarball no local data for is-set@https://registry.npmjs.org/is-set/-/is-set-2.0.3.tgz. Extracting by manifest.
2291 silly tarball no local data for is-typed-array@https://registry.npmjs.org/is-typed-array/-/is-typed-array-1.1.15.tgz. Extracting by manifest.
2292 silly tarball no local data for is-shared-array-buffer@https://registry.npmjs.org/is-shared-array-buffer/-/is-shared-array-buffer-1.0.4.tgz. Extracting by manifest.
2293 silly tarball no local data for is-regex@https://registry.npmjs.org/is-regex/-/is-regex-1.2.1.tgz. Extracting by manifest.
2294 silly tarball no local data for is-data-view@https://registry.npmjs.org/is-data-view/-/is-data-view-1.0.2.tgz. Extracting by manifest.
2295 silly tarball no local data for is-array-buffer@https://registry.npmjs.org/is-array-buffer/-/is-array-buffer-3.0.5.tgz. Extracting by manifest.
2296 silly tarball no local data for is-negative-zero@https://registry.npmjs.org/is-negative-zero/-/is-negative-zero-2.0.3.tgz. Extracting by manifest.
2297 silly tarball no local data for is-callable@https://registry.npmjs.org/is-callable/-/is-callable-1.2.7.tgz. Extracting by manifest.
2298 silly tarball no local data for has-symbols@https://registry.npmjs.org/has-symbols/-/has-symbols-1.1.0.tgz. Extracting by manifest.
2299 silly tarball no local data for internal-slot@https://registry.npmjs.org/internal-slot/-/internal-slot-1.1.0.tgz. Extracting by manifest.
2300 silly tarball no local data for has-proto@https://registry.npmjs.org/has-proto/-/has-proto-1.2.0.tgz. Extracting by manifest.
2301 silly tarball no local data for get-symbol-description@https://registry.npmjs.org/get-symbol-description/-/get-symbol-description-1.1.0.tgz. Extracting by manifest.
2302 silly tarball no local data for globalthis@https://registry.npmjs.org/globalthis/-/globalthis-1.0.4.tgz. Extracting by manifest.
2303 silly tarball no local data for function.prototype.name@https://registry.npmjs.org/function.prototype.name/-/function.prototype.name-1.2.0.tgz. Extracting by manifest.
2304 silly tarball no local data for get-proto@https://registry.npmjs.org/get-proto/-/get-proto-1.0.1.tgz. Extracting by manifest.
2305 silly tarball no local data for es-to-primitive@https://registry.npmjs.org/es-to-primitive/-/es-to-primitive-1.3.4.tgz. Extracting by manifest.
2306 silly tarball no local data for data-view-byte-offset@https://registry.npmjs.org/data-view-byte-offset/-/data-view-byte-offset-1.0.1.tgz. Extracting by manifest.
2307 silly tarball no local data for es-set-tostringtag@https://registry.npmjs.org/es-set-tostringtag/-/es-set-tostringtag-2.1.0.tgz. Extracting by manifest.
2308 silly tarball no local data for available-typed-arrays@https://registry.npmjs.org/available-typed-arrays/-/available-typed-arrays-1.0.7.tgz. Extracting by manifest.
2309 silly tarball no local data for data-view-buffer@https://registry.npmjs.org/data-view-buffer/-/data-view-buffer-1.0.2.tgz. Extracting by manifest.
2310 silly tarball no local data for data-view-byte-length@https://registry.npmjs.org/data-view-byte-length/-/data-view-byte-length-1.0.2.tgz. Extracting by manifest.
2311 silly tarball no local data for array-buffer-byte-length@https://registry.npmjs.org/array-buffer-byte-length/-/array-buffer-byte-length-1.0.2.tgz. Extracting by manifest.
2312 silly tarball no local data for gopd@https://registry.npmjs.org/gopd/-/gopd-1.2.0.tgz. Extracting by manifest.
2313 silly tarball no local data for has-property-descriptors@https://registry.npmjs.org/has-property-descriptors/-/has-property-descriptors-1.0.2.tgz. Extracting by manifest.
2314 silly tarball no local data for arraybuffer.prototype.slice@https://registry.npmjs.org/arraybuffer.prototype.slice/-/arraybuffer.prototype.slice-1.0.4.tgz. Extracting by manifest.
2315 silly tarball no local data for object-keys@https://registry.npmjs.org/object-keys/-/object-keys-1.1.1.tgz. Extracting by manifest.
2316 silly tarball no local data for function-bind@https://registry.npmjs.org/function-bind/-/function-bind-1.1.2.tgz. Extracting by manifest.
2317 silly tarball no local data for define-data-property@https://registry.npmjs.org/define-data-property/-/define-data-property-1.1.4.tgz. Extracting by manifest.
2318 silly tarball no local data for call-bind-apply-helpers@https://registry.npmjs.org/call-bind-apply-helpers/-/call-bind-apply-helpers-1.0.2.tgz. Extracting by manifest.
2319 silly tarball no local data for set-function-length@https://registry.npmjs.org/set-function-length/-/set-function-length-1.2.2.tgz. Extracting by manifest.
2320 silly tarball no local data for es-define-property@https://registry.npmjs.org/es-define-property/-/es-define-property-1.0.1.tgz. Extracting by manifest.
2321 silly tarball no local data for es-shim-unscopables@https://registry.npmjs.org/es-shim-unscopables/-/es-shim-unscopables-1.1.0.tgz. Extracting by manifest.
2322 silly tarball no local data for es-errors@https://registry.npmjs.org/es-errors/-/es-errors-1.3.0.tgz. Extracting by manifest.
2323 silly tarball no local data for math-intrinsics@https://registry.npmjs.org/math-intrinsics/-/math-intrinsics-1.1.0.tgz. Extracting by manifest.
2324 silly tarball no local data for es-object-atoms@https://registry.npmjs.org/es-object-atoms/-/es-object-atoms-1.1.2.tgz. Extracting by manifest.
2325 silly tarball no local data for is-string@https://registry.npmjs.org/is-string/-/is-string-1.1.1.tgz. Extracting by manifest.
2326 silly tarball no local data for define-properties@https://registry.npmjs.org/define-properties/-/define-properties-1.2.1.tgz. Extracting by manifest.
2327 silly tarball no local data for get-intrinsic@https://registry.npmjs.org/get-intrinsic/-/get-intrinsic-1.3.0.tgz. Extracting by manifest.
2328 silly tarball no local data for call-bind@https://registry.npmjs.org/call-bind/-/call-bind-1.0.9.tgz. Extracting by manifest.
2329 silly tarball no local data for es-abstract@https://registry.npmjs.org/es-abstract/-/es-abstract-1.24.2.tgz. Extracting by manifest.
2330 silly tarball no local data for string.prototype.trimend@https://registry.npmjs.org/string.prototype.trimend/-/string.prototype.trimend-1.0.10.tgz. Extracting by manifest.
2331 silly tarball no local data for call-bound@https://registry.npmjs.org/call-bound/-/call-bound-1.0.4.tgz. Extracting by manifest.
2332 silly tarball no local data for tsconfig-paths@https://registry.npmjs.org/tsconfig-paths/-/tsconfig-paths-3.15.0.tgz. Extracting by manifest.
2333 silly tarball no local data for hasown@https://registry.npmjs.org/hasown/-/hasown-2.0.4.tgz. Extracting by manifest.
2334 silly tarball no local data for object.groupby@https://registry.npmjs.org/object.groupby/-/object.groupby-1.0.3.tgz. Extracting by manifest.
2335 silly tarball no local data for object.values@https://registry.npmjs.org/object.values/-/object.values-1.2.1.tgz. Extracting by manifest.
2336 silly tarball no local data for object.fromentries@https://registry.npmjs.org/object.fromentries/-/object.fromentries-2.0.8.tgz. Extracting by manifest.
2337 silly tarball no local data for array.prototype.flatmap@https://registry.npmjs.org/array.prototype.flatmap/-/array.prototype.flatmap-1.3.3.tgz. Extracting by manifest.
2338 silly tarball no local data for eslint-module-utils@https://registry.npmjs.org/eslint-module-utils/-/eslint-module-utils-2.14.0.tgz. Extracting by manifest.
2339 silly tarball no local data for unrs-resolver@https://registry.npmjs.org/unrs-resolver/-/unrs-resolver-1.12.2.tgz. Extracting by manifest.
2340 silly tarball no local data for array.prototype.flat@https://registry.npmjs.org/array.prototype.flat/-/array.prototype.flat-1.3.3.tgz. Extracting by manifest.
2341 silly tarball no local data for array-includes@https://registry.npmjs.org/array-includes/-/array-includes-3.1.9.tgz. Extracting by manifest.
2342 silly tarball no local data for @rtsao/scc@https://registry.npmjs.org/@rtsao/scc/-/scc-1.1.0.tgz. Extracting by manifest.
2343 silly tarball no local data for array.prototype.findlastindex@https://registry.npmjs.org/array.prototype.findlastindex/-/array.prototype.findlastindex-1.2.6.tgz. Extracting by manifest.
2344 silly tarball no local data for stable-hash@https://registry.npmjs.org/stable-hash/-/stable-hash-0.0.5.tgz. Extracting by manifest.
2345 silly tarball no local data for get-tsconfig@https://registry.npmjs.org/get-tsconfig/-/get-tsconfig-4.14.0.tgz. Extracting by manifest.
2346 silly tarball no local data for @nolyfill/is-core-module@https://registry.npmjs.org/@nolyfill/is-core-module/-/is-core-module-1.0.39.tgz. Extracting by manifest.
2347 silly tarball no local data for is-bun-module@https://registry.npmjs.org/is-bun-module/-/is-bun-module-2.0.0.tgz. Extracting by manifest.
2348 silly tarball no local data for @typescript-eslint/tsconfig-utils@https://registry.npmjs.org/@typescript-eslint/tsconfig-utils/-/tsconfig-utils-8.65.0.tgz. Extracting by manifest.
2349 silly tarball no local data for resolve@https://registry.npmjs.org/resolve/-/resolve-2.0.0-next.7.tgz. Extracting by manifest.
2350 silly tarball no local data for semver@https://registry.npmjs.org/semver/-/semver-7.8.5.tgz. Extracting by manifest.
2351 silly tarball no local data for is-core-module@https://registry.npmjs.org/is-core-module/-/is-core-module-2.16.2.tgz. Extracting by manifest.
2352 silly tarball no local data for tinyglobby@https://registry.npmjs.org/tinyglobby/-/tinyglobby-0.2.17.tgz. Extracting by manifest.
2353 silly tarball no local data for ts-api-utils@https://registry.npmjs.org/ts-api-utils/-/ts-api-utils-2.5.0.tgz. Extracting by manifest.
2354 silly tarball no local data for @typescript-eslint/project-service@https://registry.npmjs.org/@typescript-eslint/project-service/-/project-service-8.65.0.tgz. Extracting by manifest.
2355 silly tarball no local data for @typescript-eslint/utils@https://registry.npmjs.org/@typescript-eslint/utils/-/utils-8.65.0.tgz. Extracting by manifest.
2356 silly tarball no local data for @typescript-eslint/visitor-keys@https://registry.npmjs.org/@typescript-eslint/visitor-keys/-/visitor-keys-8.65.0.tgz. Extracting by manifest.
2357 silly tarball no local data for @typescript-eslint/typescript-estree@https://registry.npmjs.org/@typescript-eslint/typescript-estree/-/typescript-estree-8.65.0.tgz. Extracting by manifest.
2358 silly tarball no local data for @typescript-eslint/types@https://registry.npmjs.org/@typescript-eslint/types/-/types-8.65.0.tgz. Extracting by manifest.
2359 silly tarball no local data for glob@https://registry.npmjs.org/glob/-/glob-10.3.10.tgz. Extracting by manifest.
2360 silly tarball no local data for @typescript-eslint/type-utils@https://registry.npmjs.org/@typescript-eslint/type-utils/-/type-utils-8.65.0.tgz. Extracting by manifest.
2361 silly tarball no local data for eslint-plugin-react-hooks@https://registry.npmjs.org/eslint-plugin-react-hooks/-/eslint-plugin-react-hooks-5.0.0-canary-7118f5dd7-20230705.tgz. Extracting by manifest.
2362 silly tarball no local data for @typescript-eslint/scope-manager@https://registry.npmjs.org/@typescript-eslint/scope-manager/-/scope-manager-8.65.0.tgz. Extracting by manifest.
2363 silly tarball no local data for eslint-plugin-react@https://registry.npmjs.org/eslint-plugin-react/-/eslint-plugin-react-7.37.5.tgz. Extracting by manifest.
2364 silly tarball no local data for eslint-plugin-import@https://registry.npmjs.org/eslint-plugin-import/-/eslint-plugin-import-2.32.0.tgz. Extracting by manifest.
2365 silly tarball no local data for eslint-plugin-jsx-a11y@https://registry.npmjs.org/eslint-plugin-jsx-a11y/-/eslint-plugin-jsx-a11y-6.10.2.tgz. Extracting by manifest.
2366 silly tarball no local data for eslint-import-resolver-node@https://registry.npmjs.org/eslint-import-resolver-node/-/eslint-import-resolver-node-0.3.10.tgz. Extracting by manifest.
2367 silly tarball no local data for @typescript-eslint/eslint-plugin@https://registry.npmjs.org/@typescript-eslint/eslint-plugin/-/eslint-plugin-8.65.0.tgz. Extracting by manifest.
2368 silly tarball no local data for eslint-import-resolver-typescript@https://registry.npmjs.org/eslint-import-resolver-typescript/-/eslint-import-resolver-typescript-3.10.1.tgz. Extracting by manifest.
2369 silly tarball no local data for @typescript-eslint/parser@https://registry.npmjs.org/@typescript-eslint/parser/-/parser-8.65.0.tgz. Extracting by manifest.
2370 silly tarball no local data for @rushstack/eslint-patch@https://registry.npmjs.org/@rushstack/eslint-patch/-/eslint-patch-1.16.1.tgz. Extracting by manifest.
2371 silly tarball no local data for @next/eslint-plugin-next@https://registry.npmjs.org/@next/eslint-plugin-next/-/eslint-plugin-next-14.2.15.tgz. Extracting by manifest.
2372 silly tarball no local data for ms@https://registry.npmjs.org/ms/-/ms-2.1.3.tgz. Extracting by manifest.
2373 silly tarball no local data for shebang-command@https://registry.npmjs.org/shebang-command/-/shebang-command-2.0.0.tgz. Extracting by manifest.
2374 silly tarball no local data for color-convert@https://registry.npmjs.org/color-convert/-/color-convert-2.0.1.tgz. Extracting by manifest.
2375 silly tarball no local data for which@https://registry.npmjs.org/which/-/which-2.0.2.tgz. Extracting by manifest.
2376 silly tarball no local data for color-name@https://registry.npmjs.org/color-name/-/color-name-1.1.4.tgz. Extracting by manifest.
2377 silly tarball no local data for supports-color@https://registry.npmjs.org/supports-color/-/supports-color-7.2.0.tgz. Extracting by manifest.
2378 silly tarball no local data for path-key@https://registry.npmjs.org/path-key/-/path-key-3.1.1.tgz. Extracting by manifest.
2379 silly tarball no local data for ansi-styles@https://registry.npmjs.org/ansi-styles/-/ansi-styles-4.3.0.tgz. Extracting by manifest.
2380 silly tarball no local data for json-schema-traverse@https://registry.npmjs.org/json-schema-traverse/-/json-schema-traverse-0.4.1.tgz. Extracting by manifest.
2381 silly tarball no local data for uri-js@https://registry.npmjs.org/uri-js/-/uri-js-4.4.1.tgz. Extracting by manifest.
2382 silly tarball no local data for run-parallel@https://registry.npmjs.org/run-parallel/-/run-parallel-1.2.0.tgz. Extracting by manifest.
2383 silly tarball no local data for fast-json-stable-stringify@https://registry.npmjs.org/fast-json-stable-stringify/-/fast-json-stable-stringify-2.1.0.tgz. Extracting by manifest.
2384 silly tarball no local data for @nodelib/fs.stat@https://registry.npmjs.org/@nodelib/fs.stat/-/fs.stat-2.0.5.tgz. Extracting by manifest.
2385 silly tarball no local data for @humanwhocodes/object-schema@https://registry.npmjs.org/@humanwhocodes/object-schema/-/object-schema-2.0.3.tgz. Extracting by manifest.
2386 silly tarball no local data for strip-json-comments@https://registry.npmjs.org/strip-json-comments/-/strip-json-comments-3.1.1.tgz. Extracting by manifest.
2387 silly tarball no local data for fastq@https://registry.npmjs.org/fastq/-/fastq-1.20.1.tgz. Extracting by manifest.
2388 silly tarball no local data for @nodelib/fs.scandir@https://registry.npmjs.org/@nodelib/fs.scandir/-/fs.scandir-2.1.5.tgz. Extracting by manifest.
2389 silly tarball no local data for strip-ansi@https://registry.npmjs.org/strip-ansi/-/strip-ansi-6.0.1.tgz. Extracting by manifest.
2390 silly tarball no local data for optionator@https://registry.npmjs.org/optionator/-/optionator-0.9.4.tgz. Extracting by manifest.
2391 silly tarball no local data for minimatch@https://registry.npmjs.org/minimatch/-/minimatch-3.1.5.tgz. Extracting by manifest.
2392 silly tarball no local data for import-fresh@https://registry.npmjs.org/import-fresh/-/import-fresh-3.3.1.tgz. Extracting by manifest.
2393 silly tarball no local data for text-table@https://registry.npmjs.org/text-table/-/text-table-0.2.0.tgz. Extracting by manifest.
2394 silly tarball no local data for natural-compare@https://registry.npmjs.org/natural-compare/-/natural-compare-1.4.0.tgz. Extracting by manifest.
2395 silly tarball no local data for lodash.merge@https://registry.npmjs.org/lodash.merge/-/lodash.merge-4.6.2.tgz. Extracting by manifest.
2396 silly tarball no local data for js-yaml@https://registry.npmjs.org/js-yaml/-/js-yaml-4.3.0.tgz. Extracting by manifest.
2397 silly tarball no local data for json-stable-stringify-without-jsonify@https://registry.npmjs.org/json-stable-stringify-without-jsonify/-/json-stable-stringify-without-jsonify-1.0.1.tgz. Extracting by manifest.
2398 silly tarball no local data for is-path-inside@https://registry.npmjs.org/is-path-inside/-/is-path-inside-3.0.3.tgz. Extracting by manifest.
2399 silly tarball no local data for imurmurhash@https://registry.npmjs.org/imurmurhash/-/imurmurhash-0.1.4.tgz. Extracting by manifest.
2400 silly tarball no local data for is-glob@https://registry.npmjs.org/is-glob/-/is-glob-4.0.3.tgz. Extracting by manifest.
2401 silly tarball no local data for graphemer@https://registry.npmjs.org/graphemer/-/graphemer-1.4.0.tgz. Extracting by manifest.
2402 silly tarball no local data for levn@https://registry.npmjs.org/levn/-/levn-0.4.1.tgz. Extracting by manifest.
2403 silly tarball no local data for glob-parent@https://registry.npmjs.org/glob-parent/-/glob-parent-6.0.2.tgz. Extracting by manifest.
2404 silly tarball no local data for globals@https://registry.npmjs.org/globals/-/globals-13.24.0.tgz. Extracting by manifest.
2405 silly tarball no local data for ignore@https://registry.npmjs.org/ignore/-/ignore-5.3.2.tgz. Extracting by manifest.
2406 silly tarball no local data for file-entry-cache@https://registry.npmjs.org/file-entry-cache/-/file-entry-cache-6.0.1.tgz. Extracting by manifest.
2407 silly tarball no local data for esutils@https://registry.npmjs.org/esutils/-/esutils-2.0.3.tgz. Extracting by manifest.
2408 silly tarball no local data for find-up@https://registry.npmjs.org/find-up/-/find-up-5.0.0.tgz. Extracting by manifest.
2409 silly tarball no local data for espree@https://registry.npmjs.org/espree/-/espree-9.6.1.tgz. Extracting by manifest.
2410 silly tarball no local data for doctrine@https://registry.npmjs.org/doctrine/-/doctrine-3.0.0.tgz. Extracting by manifest.
2411 silly tarball no local data for esquery@https://registry.npmjs.org/esquery/-/esquery-1.7.0.tgz. Extracting by manifest.
2412 silly tarball no local data for eslint-scope@https://registry.npmjs.org/eslint-scope/-/eslint-scope-7.2.2.tgz. Extracting by manifest.
2413 silly tarball no local data for fast-deep-equal@https://registry.npmjs.org/fast-deep-equal/-/fast-deep-equal-3.1.3.tgz. Extracting by manifest.
2414 silly tarball no local data for eslint-visitor-keys@https://registry.npmjs.org/eslint-visitor-keys/-/eslint-visitor-keys-3.4.3.tgz. Extracting by manifest.
2415 silly tarball no local data for debug@https://registry.npmjs.org/debug/-/debug-4.4.3.tgz. Extracting by manifest.
2416 silly tarball no local data for @ungap/structured-clone@https://registry.npmjs.org/@ungap/structured-clone/-/structured-clone-1.3.3.tgz. Extracting by manifest.
2417 silly tarball no local data for cross-spawn@https://registry.npmjs.org/cross-spawn/-/cross-spawn-7.0.6.tgz. Extracting by manifest.
2418 silly tarball no local data for @nodelib/fs.walk@https://registry.npmjs.org/@nodelib/fs.walk/-/fs.walk-1.2.8.tgz. Extracting by manifest.
2419 silly tarball no local data for chalk@https://registry.npmjs.org/chalk/-/chalk-4.1.2.tgz. Extracting by manifest.
2420 silly tarball no local data for escape-string-regexp@https://registry.npmjs.org/escape-string-regexp/-/escape-string-regexp-4.0.0.tgz. Extracting by manifest.
2421 silly tarball no local data for @humanwhocodes/module-importer@https://registry.npmjs.org/@humanwhocodes/module-importer/-/module-importer-1.0.1.tgz. Extracting by manifest.
2422 silly tarball no local data for @eslint/js@https://registry.npmjs.org/@eslint/js/-/js-8.57.1.tgz. Extracting by manifest.
2423 silly tarball no local data for @eslint/eslintrc@https://registry.npmjs.org/@eslint/eslintrc/-/eslintrc-2.1.4.tgz. Extracting by manifest.
2424 silly tarball no local data for ajv@https://registry.npmjs.org/ajv/-/ajv-6.15.0.tgz. Extracting by manifest.
2425 silly tarball no local data for @humanwhocodes/config-array@https://registry.npmjs.org/@humanwhocodes/config-array/-/config-array-0.13.0.tgz. Extracting by manifest.
2426 silly tarball no local data for @eslint-community/eslint-utils@https://registry.npmjs.org/@eslint-community/eslint-utils/-/eslint-utils-4.10.1.tgz. Extracting by manifest.
2427 silly tarball no local data for @eslint-community/regexpp@https://registry.npmjs.org/@eslint-community/regexpp/-/regexpp-4.12.2.tgz. Extracting by manifest.
2428 silly tarball no local data for semver@https://registry.npmjs.org/semver/-/semver-6.3.1.tgz. Extracting by manifest.
2429 silly tarball no local data for eslint@https://registry.npmjs.org/eslint/-/eslint-8.57.1.tgz. Extracting by manifest.
2430 silly tarball no local data for emoji-regex@https://registry.npmjs.org/emoji-regex/-/emoji-regex-8.0.0.tgz. Extracting by manifest.
2431 silly tarball no local data for ansi-regex@https://registry.npmjs.org/ansi-regex/-/ansi-regex-6.2.2.tgz. Extracting by manifest.
2432 silly tarball no local data for eslint-config-next@https://registry.npmjs.org/eslint-config-next/-/eslint-config-next-14.2.15.tgz. Extracting by manifest.
2433 silly tarball no local data for strip-ansi@https://registry.npmjs.org/strip-ansi/-/strip-ansi-7.2.0.tgz. Extracting by manifest.
2434 silly tarball no local data for strip-ansi@https://registry.npmjs.org/strip-ansi/-/strip-ansi-7.2.0.tgz. Extracting by manifest.
2435 silly tarball no local data for string-width@https://registry.npmjs.org/string-width/-/string-width-4.2.3.tgz. Extracting by manifest.
2436 silly tarball no local data for ansi-regex@https://registry.npmjs.org/ansi-regex/-/ansi-regex-6.2.2.tgz. Extracting by manifest.
2437 silly tarball no local data for emoji-regex@https://registry.npmjs.org/emoji-regex/-/emoji-regex-8.0.0.tgz. Extracting by manifest.
2438 silly tarball no local data for strip-ansi@https://registry.npmjs.org/strip-ansi/-/strip-ansi-7.2.0.tgz. Extracting by manifest.
2439 silly tarball no local data for ansi-styles@https://registry.npmjs.org/ansi-styles/-/ansi-styles-6.2.3.tgz. Extracting by manifest.
2440 silly tarball no local data for minimatch@https://registry.npmjs.org/minimatch/-/minimatch-10.2.5.tgz. Extracting by manifest.
2441 silly tarball no local data for debug@https://registry.npmjs.org/debug/-/debug-3.2.7.tgz. Extracting by manifest.
2442 silly tarball no local data for ansi-regex@https://registry.npmjs.org/ansi-regex/-/ansi-regex-6.2.2.tgz. Extracting by manifest.
2443 silly tarball no local data for eslint-visitor-keys@https://registry.npmjs.org/eslint-visitor-keys/-/eslint-visitor-keys-5.0.1.tgz. Extracting by manifest.
2444 silly tarball no local data for balanced-match@https://registry.npmjs.org/balanced-match/-/balanced-match-4.0.4.tgz. Extracting by manifest.
2445 silly tarball no local data for glob@https://registry.npmjs.org/glob/-/glob-7.2.3.tgz. Extracting by manifest.
2446 silly tarball no local data for minimatch@https://registry.npmjs.org/minimatch/-/minimatch-9.0.9.tgz. Extracting by manifest.
2447 silly tarball no local data for doctrine@https://registry.npmjs.org/doctrine/-/doctrine-2.1.0.tgz. Extracting by manifest.
2448 silly tarball no local data for brace-expansion@https://registry.npmjs.org/brace-expansion/-/brace-expansion-2.1.2.tgz. Extracting by manifest.
2449 silly tarball no local data for brace-expansion@https://registry.npmjs.org/brace-expansion/-/brace-expansion-5.0.8.tgz. Extracting by manifest.
2450 silly tarball no local data for semver@https://registry.npmjs.org/semver/-/semver-6.3.1.tgz. Extracting by manifest.
2451 silly tarball no local data for semver@https://registry.npmjs.org/semver/-/semver-6.3.1.tgz. Extracting by manifest.
2452 silly tarball no local data for doctrine@https://registry.npmjs.org/doctrine/-/doctrine-2.1.0.tgz. Extracting by manifest.
2453 silly tarball no local data for debug@https://registry.npmjs.org/debug/-/debug-3.2.7.tgz. Extracting by manifest.
2454 silly tarball no local data for debug@https://registry.npmjs.org/debug/-/debug-3.2.7.tgz. Extracting by manifest.
2455 silly tarball no local data for ignore@https://registry.npmjs.org/ignore/-/ignore-7.0.6.tgz. Extracting by manifest.
2456 http fetch POST 200 https://registry.npmjs.org/-/npm/v1/security/advisories/bulk 975ms
2457 silly audit report {
2457 silly audit report   next: [
2457 silly audit report     {
2457 silly audit report       id: 1117931,
2457 silly audit report       url: 'https://github.com/advisories/GHSA-8h8q-6873-q5fj',
2457 silly audit report       title: 'Next.js Vulnerable to Denial of Service with Server Components',
2457 silly audit report       severity: 'high',
2457 silly audit report       vulnerable_versions: '>=13.0.0 <15.5.16',
2457 silly audit report       cwe: [Array],
2457 silly audit report       cvss: [Object]
2457 silly audit report     },
2457 silly audit report     {
2457 silly audit report       id: 1101438,
2457 silly audit report       url: 'https://github.com/advisories/GHSA-7m27-7ghc-44w9',
2457 silly audit report       title: 'Next.js Allows a Denial of Service (DoS) with Server Actions',
2457 silly audit report       severity: 'moderate',
2457 silly audit report       vulnerable_versions: '>=14.0.0 <14.2.21',
2457 silly audit report       cwe: [Array],
2457 silly audit report       cvss: [Object]
2457 silly audit report     },
2457 silly audit report     {
2457 silly audit report       id: 1105461,
2457 silly audit report       url: 'https://github.com/advisories/GHSA-3h52-269p-cp9r',
2457 silly audit report       title: 'Information exposure in Next.js dev server due to lack of origin verification',
2457 silly audit report       severity: 'low',
2457 silly audit report       vulnerable_versions: '>=13.0 <14.2.30',
2457 silly audit report       cwe: [Array],
2457 silly audit report       cvss: [Object]
2457 silly audit report     },
2457 silly audit report     {
2457 silly audit report       id: 1111391,
2457 silly audit report       url: 'https://github.com/advisories/GHSA-mwv6-3258-q52c',
2457 silly audit report       title: 'Next Vulnerable to Denial of Service with Server Components',
2457 silly audit report       severity: 'high',
2457 silly audit report       vulnerable_versions: '>=13.3.0 <14.2.34',
2457 silly audit report       cwe: [Array],
2457 silly audit report       cvss: [Object]
2457 silly audit report     },
2457 silly audit report     {
2457 silly audit report       id: 1107226,
2457 silly audit report       url: 'https://github.com/advisories/GHSA-g5qg-72qw-gw5v',
2457 silly audit report       title: 'Next.js Affected by Cache Key Confusion for Image Optimization API Routes',
2457 silly audit report       severity: 'moderate',
2457 silly audit report       vulnerable_versions: '>=0.9.9 <14.2.31',
2457 silly audit report       cwe: [Array],
2457 silly audit report       cvss: [Object]
2457 silly audit report     },
2457 silly audit report     {
2457 silly audit report       id: 1107512,
2457 silly audit report       url: 'https://github.com/advisories/GHSA-4342-x723-ch2f',
2457 silly audit report       title: 'Next.js Improper Middleware Redirect Handling Leads to SSRF',
2457 silly audit report       severity: 'moderate',
2457 silly audit report       vulnerable_versions: '>=0.9.9 <14.2.32',
2457 silly audit report       cwe: [Array],
2457 silly audit report       cvss: [Object]
2457 silly audit report     },
2457 silly audit report     {
2457 silly audit report       id: 1107513,
2457 silly audit report       url: 'https://github.com/advisories/GHSA-xv57-4mr9-wg8v',
2457 silly audit report       title: 'Next.js Content Injection Vulnerability for Image Optimization',
2457 silly audit report       severity: 'moderate',
2457 silly audit report       vulnerable_versions: '>=0.9.9 <14.2.31',
2457 silly audit report       cwe: [Array],
2457 silly audit report       cvss: [Object]
2457 silly audit report     },
2457 silly audit report     {
2457 silly audit report       id: 1112182,
2457 silly audit report       url: 'https://github.com/advisories/GHSA-5j59-xgg2-r9c4',
2457 silly audit report       title: 'Next has a Denial of Service with Server Components - Incomplete Fix Follow-Up',
2457 silly audit report       severity: 'high',
2457 silly audit report       vulnerable_versions: '>=13.3.1-canary.0 <14.2.35',
2457 silly audit report       cwe: [Array],
2457 silly audit report       cvss: [Object]
2457 silly audit report     },
2457 silly audit report     {
2457 silly audit report       id: 1108291,
2457 silly audit report       url: 'https://github.com/advisories/GHSA-qpjv-v59x-3qc4',
2457 silly audit report       title: 'Next.js Race Condition to Cache Poisoning',
2457 silly audit report       severity: 'low',
2457 silly audit report       vulnerable_versions: '>=0.9.9 <14.2.24',
2457 silly audit report       cwe: [Array],
2457 silly audit report       cvss: [Object]
2457 silly audit report     },
2457 silly audit report     {
2457 silly audit report       id: 1118942,
2457 silly audit report       url: 'https://github.com/advisories/GHSA-3g8h-86w9-wvmq',
2457 silly audit report       title: "Next.js's Middleware / Proxy redirects can be cache-poisoned",
2457 silly audit report       severity: 'low',
2457 silly audit report       vulnerable_versions: '>=12.2.0 <15.5.16',
2457 silly audit report       cwe: [Array],
2457 silly audit report       cvss: [Object]
2457 silly audit report     },
2457 silly audit report     {
2457 silly audit report       id: 1118944,
2457 silly audit report       url: 'https://github.com/advisories/GHSA-ffhc-5mcf-pf4q',
2457 silly audit report       title: 'Next.js vulnerable to cross-site scripting in App Router applications using CSP nonces',
2457 silly audit report       severity: 'moderate',
2457 silly audit report       vulnerable_versions: '>=13.4.0 <15.5.16',
2457 silly audit report       cwe: [Array],
2457 silly audit report       cvss: [Object]
2457 silly audit report     },
2457 silly audit report     {
2457 silly audit report       id: 1118946,
2457 silly audit report       url: 'https://github.com/advisories/GHSA-vfv6-92ff-j949',
2457 silly audit report       title: 'Next.js vulnerable to cache poisoning via collisions in React Server Component cache-busting',
2457 silly audit report       severity: 'low',
2457 silly audit report       vulnerable_versions: '>=13.4.6 <15.5.16',
2457 silly audit report       cwe: [Array],
2457 silly audit report       cvss: [Object]
2457 silly audit report     },
2457 silly audit report     {
2457 silly audit report       id: 1118948,
2457 silly audit report       url: 'https://github.com/advisories/GHSA-gx5p-jg67-6x7h',
2457 silly audit report       title: 'Next.js has cross-site scripting in beforeInteractive scripts with untrusted input',
2457 silly audit report       severity: 'moderate',
2457 silly audit report       vulnerable_versions: '>=13.0.0 <15.5.16',
2457 silly audit report       cwe: [Array],
2457 silly audit report       cvss: [Object]
2457 silly audit report     },
2457 silly audit report     {
2457 silly audit report       id: 1118952,
2457 silly audit report       url: 'https://github.com/advisories/GHSA-h64f-5h5j-jqjh',
2457 silly audit report       title: 'Next.js has a Denial of Service in the Image Optimization API',
2457 silly audit report       severity: 'moderate',
2457 silly audit report       vulnerable_versions: '>=10.0.0 <15.5.16',
2457 silly audit report       cwe: [Array],
2457 silly audit report       cvss: [Object]
2457 silly audit report     },
2457 silly audit report     {
2457 silly audit report       id: 1118954,
2457 silly audit report       url: 'https://github.com/advisories/GHSA-c4j6-fc7j-m34r',
2457 silly audit report       title: 'Next.js vulnerable to server-side request forgery in applications using WebSocket upgrades',
2457 silly audit report       severity: 'high',
2457 silly audit report       vulnerable_versions: '>=13.4.13 <15.5.16',
2457 silly audit report       cwe: [Array],
2457 silly audit report       cvss: [Object]
2457 silly audit report     },
2457 silly audit report     {
2457 silly audit report       id: 1118958,
2457 silly audit report       url: 'https://github.com/advisories/GHSA-wfc6-r584-vfw7',
2457 silly audit report       title: 'Next.js vulnerable to cache poisoning in React Server Component responses',
2457 silly audit report       severity: 'moderate',
2457 silly audit report       vulnerable_versions: '>=14.2.0 <15.5.16',
2457 silly audit report       cwe: [Array],
2457 silly audit report       cvss: [Object]
2457 silly audit report     },
2457 silly audit report     {
2457 silly audit report       id: 1118962,
2457 silly audit report       url: 'https://github.com/advisories/GHSA-36qx-fr4f-26g5',
2457 silly audit report       title: 'Next.js has a Middleware / Proxy bypass in Pages Router applications using i18n',
2457 silly audit report       severity: 'high',
2457 silly audit report       vulnerable_versions: '>=12.2.0 <15.5.16',
2457 silly audit report       cwe: [Array],
2457 silly audit report       cvss: [Object]
2457 silly audit report     },
2457 silly audit report     {
2457 silly audit report       id: 1112593,
2457 silly audit report       url: 'https://github.com/advisories/GHSA-9g9p-9gw9-jx7f',
2457 silly audit report       title: 'Next.js self-hosted applications vulnerable to DoS via Image Optimizer remotePatterns configuration',
2457 silly audit report       severity: 'moderate',
2457 silly audit report       vulnerable_versions: '>=10.0.0 <15.5.10',
2457 silly audit report       cwe: [Array],
2457 silly audit report       cvss: [Object]
2457 silly audit report     },
2457 silly audit report     {
2457 silly audit report       id: 1112653,
2457 silly audit report       url: 'https://github.com/advisories/GHSA-h25m-26qc-wcjf',
2457 silly audit report       title: 'Next.js HTTP request deserialization can lead to DoS when using insecure React Server Components',
2457 silly audit report       severity: 'high',
2457 silly audit report       vulnerable_versions: '>=13.0.0 <15.0.8',
2457 silly audit report       cwe: [Array],
2457 silly audit report       cvss: [Object]
2457 silly audit report     },
2457 silly audit report     {
2457 silly audit report       id: 1113689,
2457 silly audit report       url: 'https://github.com/advisories/GHSA-f82v-jwr5-mffw',
2457 silly audit report       title: 'Authorization Bypass in Next.js Middleware',
2457 silly audit report       severity: 'critical',
2457 silly audit report       vulnerable_versions: '>=14.0.0 <14.2.25',
2457 silly audit report       cwe: [Array],
2457 silly audit report       cvss: [Object]
2457 silly audit report     },
2457 silly audit report     {
2457 silly audit report       id: 1114897,
2457 silly audit report       url: 'https://github.com/advisories/GHSA-ggv3-7p47-pfv8',
2457 silly audit report       title: 'Next.js: HTTP request smuggling in rewrites',
2457 silly audit report       severity: 'moderate',
2457 silly audit report       vulnerable_versions: '>=9.5.0 <15.5.13',
2457 silly audit report       cwe: [Array],
2457 silly audit report       cvss: [Object]
2457 silly audit report     },
2457 silly audit report     {
2457 silly audit report       id: 1114940,
2457 silly audit report       url: 'https://github.com/advisories/GHSA-3x4c-7xq6-9pq8',
2457 silly audit report       title: 'Next.js: Unbounded next/image disk cache growth can exhaust storage',
2457 silly audit report       severity: 'moderate',
2457 silly audit report       vulnerable_versions: '>=10.0.0 <15.5.14',
2457 silly audit report       cwe: [Array],
2457 silly audit report       cvss: [Object]
2457 silly audit report     },
2457 silly audit report     {
2457 silly audit report       id: 1116376,
2457 silly audit report       url: 'https://github.com/advisories/GHSA-q4gf-8mx6-v5v3',
2457 silly audit report       title: 'Next.js has a Denial of Service with Server Components',
2457 silly audit report       severity: 'high',
2457 silly audit report       vulnerable_versions: '>=13.0.0 <15.5.15',
2457 silly audit report       cwe: [Array],
2457 silly audit report       cvss: [Object]
2457 silly audit report     },
2457 silly audit report     {
2457 silly audit report       id: 1124185,
2457 silly audit report       url: 'https://github.com/advisories/GHSA-89xv-2m56-2m9x',
2457 silly audit report       title: 'Next.js: Server-Side Request Forgery in Server Actions on custom servers',
2457 silly audit report       severity: 'high',
2457 silly audit report       vulnerable_versions: '>=14.1.1 <15.5.21',
2457 silly audit report       cwe: [Array],
2457 silly audit report       cvss: [Object]
2457 silly audit report     },
2457 silly audit report     {
2457 silly audit report       id: 1124172,
2457 silly audit report       url: 'https://github.com/advisories/GHSA-m99w-x7hq-7vfj',
2457 silly audit report       title: 'Next.js: Denial of Service in App Router using Server Actions',
2457 silly audit report       severity: 'high',
2457 silly audit report       vulnerable_versions: '>=13.0.0 <15.5.21',
2457 silly audit report       cwe: [Array],
2457 silly audit report       cvss: [Object]
2457 silly audit report     },
2457 silly audit report     {
2457 silly audit report       id: 1124187,
2457 silly audit report       url: 'https://github.com/advisories/GHSA-68g3-v927-f742',
2457 silly audit report       title: 'Next.js: Cache confusion of response bodies for requests with bodies',
2457 silly audit report       severity: 'moderate',
2457 silly audit report       vulnerable_versions: '>=13.0.0 <15.5.21',
2457 silly audit report       cwe: [Array],
2457 silly audit report       cvss: [Object]
2457 silly audit report     },
2457 silly audit report     {
2457 silly audit report       id: 1124189,
2457 silly audit report       url: 'https://github.com/advisories/GHSA-4633-3j49-mh5q',
2457 silly audit report       title: 'Next.js: Cache confusion of response bodies for requests with bodies containing invalid UTF-8 byte sequences',
2457 silly audit report       severity: 'moderate',
2457 silly audit report       vulnerable_versions: '>=13.0.0 <15.5.21',
2457 silly audit report       cwe: [Array],
2457 silly audit report       cvss: [Object]
2457 silly audit report     },
2457 silly audit report     {
2457 silly audit report       id: 1124191,
2457 silly audit report       url: 'https://github.com/advisories/GHSA-4c39-4ccg-62r3',
2457 silly audit report       title: 'Next.js: Unbounded Server Action payload in Edge runtime',
2457 silly audit report       severity: 'moderate',
2457 silly audit report       vulnerable_versions: '>=13.0.0 <15.5.21',
2457 silly audit report       cwe: [Array],
2457 silly audit report       cvss: [Object]
2457 silly audit report     },
2457 silly audit report     {
2457 silly audit report       id: 1124193,
2457 silly audit report       url: 'https://github.com/advisories/GHSA-p9j2-gv94-2wf4',
2457 silly audit report       title: 'Next.js: Server-Side Request Forgery in rewrites via attacker-controlled destination hostname',
2457 silly audit report       severity: 'high',
2457 silly audit report       vulnerable_versions: '>=12.0.0 <15.5.21',
2457 silly audit report       cwe: [Array],
2457 silly audit report       cvss: [Object]
2457 silly audit report     },
2457 silly audit report     {
2457 silly audit report       id: 1124197,
2457 silly audit report       url: 'https://github.com/advisories/GHSA-955p-x3mx-jcvp',
2457 silly audit report       title: 'Next.js: Unauthenticated disclosure of internal Server Function endpoints',
2457 silly audit report       severity: 'moderate',
2457 silly audit report       vulnerable_versions: '>=13.0.0 <15.5.21',
2457 silly audit report       cwe: [Array],
2457 silly audit report       cvss: [Object]
2457 silly audit report     }
2457 silly audit report   ],
2457 silly audit report   nodemailer: [
2457 silly audit report     {
2457 silly audit report       id: 1109804,
2457 silly audit report       url: 'https://github.com/advisories/GHSA-mm7p-fcc7-pg87',
2457 silly audit report       title: 'Nodemailer: Email to an unintended domain can occur due to Interpretation Conflict',
2457 silly audit report       severity: 'moderate',
2457 silly audit report       vulnerable_versions: '<7.0.7',
2457 silly audit report       cwe: [Array],
2457 silly audit report       cvss: [Object]
2457 silly audit report     },
2457 silly audit report     {
2457 silly audit report       id: 1120795,
2457 silly audit report       url: 'https://github.com/advisories/GHSA-268h-hp4c-crq3',
2457 silly audit report       title: 'Nodemailer: CRLF injection in Nodemailer List-* header comments allows arbitrary message header injection',
2457 silly audit report       severity: 'moderate',
2457 silly audit report       vulnerable_versions: '<=8.0.8',
2457 silly audit report       cwe: [Array],
2457 silly audit report       cvss: [Object]
2457 silly audit report     },
2457 silly audit report     {
2457 silly audit report       id: 1120796,
2457 silly audit report       url: 'https://github.com/advisories/GHSA-wqvq-jvpq-h66f',
2457 silly audit report       title: 'Nodemailer jsonTransport bypasses disableFileAccess and disableUrlAccess during message normalization',
2457 silly audit report       severity: 'moderate',
2457 silly audit report       vulnerable_versions: '<=8.0.8',
2457 silly audit report       cwe: [Array],
2457 silly audit report       cvss: [Object]
2457 silly audit report     },
2457 silly audit report     {
2457 silly audit report       id: 1120797,
2457 silly audit report       url: 'https://github.com/advisories/GHSA-r7g4-qg5f-qqm2',
2457 silly audit report       title: 'Nodemailer: Improper TLS Certificate Validation in OAuth2 Token Fetch Enables Credential Interception',
2457 silly audit report       severity: 'moderate',
2457 silly audit report       vulnerable_versions: '<=8.0.7',
2457 silly audit report       cwe: [Array],
2457 silly audit report       cvss: [Object]
2457 silly audit report     },
2457 silly audit report     {
2457 silly audit report       id: 1121191,
2457 silly audit report       url: 'https://github.com/advisories/GHSA-p6gq-j5cr-w38f',
2457 silly audit report       title: 'Nodemailer: Message-level raw option bypasses disableFileAccess/disableUrlAccess, enabling arbitrary file read and full-response SSRF in the delivered message',
2457 silly audit report       severity: 'high',
2457 silly audit report       vulnerable_versions: '<=9.0.0',
2457 silly audit report       cwe: [Array],
2457 silly audit report       cvss: [Object]
2457 silly audit report     },
2457 silly audit report     {
2457 silly audit report       id: 1115470,
2457 silly audit report       url: 'https://github.com/advisories/GHSA-c7w3-x93f-qmm8',
2457 silly audit report       title: 'Nodemailer has SMTP command injection due to unsanitized `envelope.size` parameter',
2457 silly audit report       severity: 'low',
2457 silly audit report       vulnerable_versions: '<8.0.4',
2457 silly audit report       cwe: [Array],
2457 silly audit report       cvss: [Object]
2457 silly audit report     },
2457 silly audit report     {
2457 silly audit report       id: 1116270,
2457 silly audit report       url: 'https://github.com/advisories/GHSA-vvjj-xcjg-gr5g',
2457 silly audit report       title: 'Nodemailer Vulnerable to SMTP Command Injection via CRLF in Transport name Option (EHLO/HELO) ',
2457 silly audit report       severity: 'moderate',
2457 silly audit report       vulnerable_versions: '<=8.0.4',
2457 silly audit report       cwe: [Array],
2457 silly audit report       cvss: [Object]
2457 silly audit report     },
2457 silly audit report     {
2457 silly audit report       id: 1123478,
2457 silly audit report       url: 'https://github.com/advisories/GHSA-rcmh-qjqh-p98v',
2457 silly audit report       title: 'Nodemailer’s addressparser is vulnerable to DoS caused by recursive calls',
2457 silly audit report       severity: 'high',
2457 silly audit report       vulnerable_versions: '>=3.0.0 <=7.0.10',
2457 silly audit report       cwe: [Array],
2457 silly audit report       cvss: [Object]
2457 silly audit report     }
2457 silly audit report   ],
2457 silly audit report   postcss: [
2457 silly audit report     {
2457 silly audit report       id: 1117015,
2457 silly audit report       url: 'https://github.com/advisories/GHSA-qx2v-qp2m-jg93',
2457 silly audit report       title: 'PostCSS has XSS via Unescaped </style> in its CSS Stringify Output',
2457 silly audit report       severity: 'moderate',
2457 silly audit report       vulnerable_versions: '<8.5.10',
2457 silly audit report       cwe: [Array],
2457 silly audit report       cvss: [Object]
2457 silly audit report     }
2457 silly audit report   ],
2457 silly audit report   uuid: [
2457 silly audit report     {
2457 silly audit report       id: 1119441,
2457 silly audit report       url: 'https://github.com/advisories/GHSA-w5hq-g745-h8pq',
2457 silly audit report       title: 'uuid: Missing buffer bounds check in v3/v5/v6 when buf is provided',
2457 silly audit report       severity: 'moderate',
2457 silly audit report       vulnerable_versions: '<11.1.1',
2457 silly audit report       cwe: [Array],
2457 silly audit report       cvss: [Object]
2457 silly audit report     }
2457 silly audit report   ],
2457 silly audit report   glob: [
2457 silly audit report     {
2457 silly audit report       id: 1109842,
2457 silly audit report       url: 'https://github.com/advisories/GHSA-5j98-mcp5-4vw2',
2457 silly audit report       title: 'glob CLI: Command injection via -c/--cmd executes matches with shell:true',
2457 silly audit report       severity: 'high',
2457 silly audit report       vulnerable_versions: '>=10.2.0 <10.5.0',
2457 silly audit report       cwe: [Array],
2457 silly audit report       cvss: [Object]
2457 silly audit report     }
2457 silly audit report   ]
2457 silly audit report }
2458 silly packumentCache corgi:https://registry.npmjs.org/next cache-miss
2459 silly packumentCache corgi:https://registry.npmjs.org/nodemailer cache-miss
2460 silly packumentCache corgi:https://registry.npmjs.org/postcss cache-miss
2461 silly packumentCache corgi:https://registry.npmjs.org/uuid cache-miss
2462 silly packumentCache corgi:https://registry.npmjs.org/glob cache-miss
2463 http fetch GET 200 https://registry.npmjs.org/inflight/-/inflight-1.0.6.tgz 957ms (cache miss)
2464 http fetch GET 200 https://registry.npmjs.org/is-weakmap/-/is-weakmap-2.0.2.tgz 955ms (cache miss)
2465 http fetch GET 200 https://registry.npmjs.org/once/-/once-1.4.0.tgz 966ms (cache miss)
2466 http fetch GET 200 https://registry.npmjs.org/wrappy/-/wrappy-1.0.2.tgz 982ms (cache miss)
2467 warn deprecated inflight@1.0.6: This module is not supported, and leaks memory. Do not use it. Check out lru-cache if you want a good and tested way to coalesce async requests by a key value, which is much more comprehensive and powerful.
2468 http fetch GET 200 https://registry.npmjs.org/path-is-absolute/-/path-is-absolute-1.0.1.tgz 1002ms (cache miss)
2469 http fetch GET 200 https://registry.npmjs.org/is-weakset/-/is-weakset-2.0.4.tgz 995ms (cache miss)
2470 http fetch GET 200 https://registry.npmjs.org/fs.realpath/-/fs.realpath-1.0.0.tgz 1010ms (cache miss)
2471 http fetch GET 200 https://registry.npmjs.org/punycode/-/punycode-2.3.1.tgz 1000ms (cache miss)
2472 http fetch GET 200 https://registry.npmjs.org/is-number-object/-/is-number-object-1.1.1.tgz 1014ms (cache miss)
2473 http fetch GET 200 https://registry.npmjs.org/isexe/-/isexe-2.0.0.tgz 1009ms (cache miss)
2474 http fetch GET 200 https://registry.npmjs.org/is-bigint/-/is-bigint-1.1.0.tgz 1024ms (cache miss)
2475 http fetch GET 200 https://registry.npmjs.org/is-boolean-object/-/is-boolean-object-1.2.2.tgz 1033ms (cache miss)
2476 http fetch GET 200 https://registry.npmjs.org/which-boxed-primitive/-/which-boxed-primitive-1.1.1.tgz 1048ms (cache miss)
2477 http fetch GET 200 https://registry.npmjs.org/has-bigints/-/has-bigints-1.1.0.tgz 1068ms (cache miss)
2478 http fetch GET 200 https://registry.npmjs.org/for-each/-/for-each-0.3.5.tgz 1077ms (cache miss)
2479 http fetch GET 200 https://registry.npmjs.org/reflect.getprototypeof/-/reflect.getprototypeof-1.0.10.tgz 1095ms (cache miss)
2480 http fetch GET 200 https://registry.npmjs.org/strip-bom/-/strip-bom-3.0.0.tgz 1100ms (cache miss)
2481 http fetch GET 200 https://registry.npmjs.org/inherits/-/inherits-2.0.4.tgz 1153ms (cache miss)
2482 http fetch GET 200 https://registry.npmjs.org/has-flag/-/has-flag-4.0.0.tgz 1180ms (cache miss)
2483 http fetch GET 200 https://registry.npmjs.org/which-builtin-type/-/which-builtin-type-1.2.1.tgz 1205ms (cache miss)
2484 http fetch GET 200 https://registry.npmjs.org/which-collection/-/which-collection-1.0.2.tgz 1270ms (cache miss)
2485 http fetch GET 200 https://registry.npmjs.org/is-finalizationregistry/-/is-finalizationregistry-1.1.1.tgz 1270ms (cache miss)
2486 http fetch GET 200 https://registry.npmjs.org/is-map/-/is-map-2.0.3.tgz 1289ms (cache miss)
2487 http fetch GET 200 https://registry.npmjs.org/ansi-regex/-/ansi-regex-5.0.1.tgz 1253ms (cache miss)
2488 http fetch GET 200 https://registry.npmjs.org/generator-function/-/generator-function-2.0.1.tgz 1318ms (cache miss)
2489 http fetch GET 200 https://registry.npmjs.org/is-async-function/-/is-async-function-2.1.1.tgz 1328ms (cache miss)
2490 http fetch GET 200 https://registry.npmjs.org/async-function/-/async-function-1.0.0.tgz 1356ms (cache miss)
2491 http fetch GET 200 https://registry.npmjs.org/side-channel-list/-/side-channel-list-1.0.1.tgz 1356ms (cache miss)
2492 http fetch GET 200 https://registry.npmjs.org/side-channel-weakmap/-/side-channel-weakmap-1.0.2.tgz 1371ms (cache miss)
2493 http fetch GET 200 https://registry.npmjs.org/shebang-regex/-/shebang-regex-3.0.0.tgz 1379ms (cache miss)
2494 http fetch GET 200 https://registry.npmjs.org/path-parse/-/path-parse-1.0.7.tgz 1384ms (cache miss)
2495 http fetch GET 200 https://registry.npmjs.org/isarray/-/isarray-2.0.5.tgz 1391ms (cache miss)
2496 http fetch GET 200 https://registry.npmjs.org/is-generator-function/-/is-generator-function-1.1.2.tgz 1451ms (cache miss)
2497 http fetch GET 200 https://registry.npmjs.org/@types/json5/-/json5-0.0.29.tgz 1436ms (cache miss)
2498 http fetch GET 200 https://registry.npmjs.org/json5/-/json5-1.0.2.tgz 1446ms (cache miss)
2499 http fetch GET 200 https://registry.npmjs.org/supports-preserve-symlinks-flag/-/supports-preserve-symlinks-flag-1.0.0.tgz 1472ms (cache miss)
2500 http fetch GET 200 https://registry.npmjs.org/queue-microtask/-/queue-microtask-1.2.3.tgz 1519ms (cache miss)
2501 http fetch GET 200 https://registry.npmjs.org/callsites/-/callsites-3.1.0.tgz 1520ms (cache miss)
2502 http fetch GET 200 https://registry.npmjs.org/p-limit/-/p-limit-3.1.0.tgz 1542ms (cache miss)
2503 http fetch GET 200 https://registry.npmjs.org/word-wrap/-/word-wrap-1.2.5.tgz 1553ms (cache miss)
2504 http fetch GET 200 https://registry.npmjs.org/yocto-queue/-/yocto-queue-0.1.0.tgz 1559ms (cache miss)
2505 http fetch GET 200 https://registry.npmjs.org/react-is/-/react-is-16.13.1.tgz 1566ms (cache miss)
2506 http fetch GET 200 https://registry.npmjs.org/picomatch/-/picomatch-4.0.5.tgz 1584ms (cache miss)
2507 http fetch GET 200 https://registry.npmjs.org/fdir/-/fdir-6.5.0.tgz 1596ms (cache miss)
2508 http fetch GET 200 https://registry.npmjs.org/fast-levenshtein/-/fast-levenshtein-2.0.6.tgz 1581ms (cache miss)
2509 http fetch GET 200 https://registry.npmjs.org/concat-map/-/concat-map-0.0.1.tgz 1596ms (cache miss)
2510 http fetch GET 200 https://registry.npmjs.org/object-assign/-/object-assign-4.1.1.tgz 1624ms (cache miss)
2511 http fetch GET 200 https://registry.npmjs.org/balanced-match/-/balanced-match-1.0.2.tgz 1912ms (cache miss)
2512 http fetch GET 200 https://registry.npmjs.org/eastasianwidth/-/eastasianwidth-0.2.0.tgz 1941ms (cache miss)
2513 http fetch GET 200 https://registry.npmjs.org/napi-postinstall/-/napi-postinstall-0.3.4.tgz 1966ms (cache miss)
2514 http fetch GET 200 https://registry.npmjs.org/is-fullwidth-code-point/-/is-fullwidth-code-point-3.0.0.tgz 1970ms (cache miss)
2515 http fetch GET 200 https://registry.npmjs.org/p-locate/-/p-locate-5.0.0.tgz 1960ms (cache miss)
2516 http fetch GET 200 https://registry.npmjs.org/minimist/-/minimist-1.2.8.tgz 2025ms (cache miss)
2517 http fetch GET 200 https://registry.npmjs.org/side-channel-map/-/side-channel-map-1.0.1.tgz 2018ms (cache miss)
2518 http fetch GET 200 https://registry.npmjs.org/deep-is/-/deep-is-0.1.4.tgz 2028ms (cache miss)
2519 http fetch GET 200 https://registry.npmjs.org/type-check/-/type-check-0.4.0.tgz 2030ms (cache miss)
2520 http fetch GET 200 https://registry.npmjs.org/json-buffer/-/json-buffer-3.0.1.tgz 2050ms (cache miss)
2521 http fetch GET 200 https://registry.npmjs.org/string-width/-/string-width-4.2.3.tgz 2112ms (cache miss)
2522 http fetch GET 200 https://registry.npmjs.org/strip-ansi/-/strip-ansi-6.0.1.tgz 2115ms (cache miss)
2523 http fetch GET 200 https://registry.npmjs.org/wrap-ansi/-/wrap-ansi-8.1.0.tgz 2137ms (cache miss)
2524 http fetch GET 200 https://registry.npmjs.org/wrap-ansi/-/wrap-ansi-7.0.0.tgz 2155ms (cache miss)
2525 http fetch GET 200 https://registry.npmjs.org/is-extglob/-/is-extglob-2.1.1.tgz 2208ms (cache miss)
2526 http fetch GET 200 https://registry.npmjs.org/string-width/-/string-width-5.1.2.tgz 2222ms (cache miss)
2527 http fetch GET 200 https://registry.npmjs.org/parent-module/-/parent-module-1.0.1.tgz 2221ms (cache miss)
2528 http fetch GET 200 https://registry.npmjs.org/resolve-from/-/resolve-from-4.0.0.tgz 2296ms (cache miss)
2529 http fetch GET 200 https://registry.npmjs.org/@isaacs/cliui/-/cliui-8.0.2.tgz 2302ms (cache miss)
2530 http fetch GET 200 https://registry.npmjs.org/dunder-proto/-/dunder-proto-1.0.1.tgz 2303ms (cache miss)
2531 http fetch GET 200 https://registry.npmjs.org/set-function-name/-/set-function-name-2.0.2.tgz 2326ms (cache miss)
2532 http fetch GET 200 https://registry.npmjs.org/resolve-pkg-maps/-/resolve-pkg-maps-1.0.0.tgz 2350ms (cache miss)
2533 http fetch GET 200 https://registry.npmjs.org/rimraf/-/rimraf-3.0.2.tgz 2402ms (cache miss)
2534 http fetch GET 200 https://registry.npmjs.org/keyv/-/keyv-4.5.4.tgz 2404ms (cache miss)
2535 warn deprecated rimraf@3.0.2: Rimraf versions prior to v4 are no longer supported
2536 http fetch GET 200 https://registry.npmjs.org/prelude-ls/-/prelude-ls-1.2.1.tgz 2507ms (cache miss)
2537 http fetch GET 200 https://registry.npmjs.org/locate-path/-/locate-path-6.0.0.tgz 2473ms (cache miss)
2538 http fetch GET 200 https://registry.npmjs.org/path-exists/-/path-exists-4.0.0.tgz 2482ms (cache miss)
2539 http fetch GET 200 https://registry.npmjs.org/esrecurse/-/esrecurse-4.3.0.tgz 2486ms (cache miss)
2540 http fetch GET 200 https://registry.npmjs.org/side-channel/-/side-channel-1.1.1.tgz 2560ms (cache miss)
2541 http fetch GET 200 https://registry.npmjs.org/acorn-jsx/-/acorn-jsx-5.3.2.tgz 2558ms (cache miss)
2542 http fetch GET 200 https://registry.npmjs.org/is-document.all/-/is-document.all-1.0.0.tgz 2573ms (cache miss)
2543 http fetch GET 200 https://registry.npmjs.org/functions-have-names/-/functions-have-names-1.2.3.tgz 2584ms (cache miss)
2544 http fetch GET 200 https://registry.npmjs.org/argparse/-/argparse-2.0.1.tgz 2649ms (cache miss)
2545 http fetch GET 200 https://registry.npmjs.org/iterator.prototype/-/iterator.prototype-1.1.5.tgz 2631ms (cache miss)
2546 http fetch GET 200 https://registry.npmjs.org/foreground-child/-/foreground-child-3.3.1.tgz 2705ms (cache miss)
2547 http fetch GET 200 https://registry.npmjs.org/@pkgjs/parseargs/-/parseargs-0.11.0.tgz 2739ms (cache miss)
2548 http fetch GET 200 https://registry.npmjs.org/flat-cache/-/flat-cache-3.2.0.tgz 2832ms (cache miss)
2549 http fetch GET 200 https://registry.npmjs.org/node-exports-info/-/node-exports-info-1.6.2.tgz 2910ms (cache miss)
2550 http fetch GET 200 https://registry.npmjs.org/flatted/-/flatted-3.4.3.tgz 2924ms (cache miss)
2551 http fetch GET 200 https://registry.npmjs.org/string.prototype.repeat/-/string.prototype.repeat-1.0.0.tgz 3029ms (cache miss)
2552 http fetch GET 200 https://registry.npmjs.org/reusify/-/reusify-1.1.0.tgz 3042ms (cache miss)
2553 http fetch GET 200 https://registry.npmjs.org/array.prototype.tosorted/-/array.prototype.tosorted-1.1.4.tgz 3068ms (cache miss)
2554 http fetch GET 200 https://registry.npmjs.org/brace-expansion/-/brace-expansion-1.1.16.tgz 3160ms (cache miss)
2555 http fetch GET 200 https://registry.npmjs.org/language-tags/-/language-tags-1.0.9.tgz 3325ms (cache miss)
2556 http fetch GET 200 https://registry.npmjs.org/damerau-levenshtein/-/damerau-levenshtein-1.0.8.tgz 3318ms (cache miss)
2557 http fetch GET 200 https://registry.npmjs.org/ast-types-flow/-/ast-types-flow-0.0.8.tgz 3349ms (cache miss)
2558 http fetch GET 200 https://registry.npmjs.org/minipass/-/minipass-7.1.3.tgz 3405ms (cache miss)
2559 http fetch GET 200 https://registry.npmjs.org/estraverse/-/estraverse-5.3.0.tgz 3482ms (cache miss)
2560 http fetch GET 200 https://registry.npmjs.org/object.entries/-/object.entries-1.1.9.tgz 3529ms (cache miss)
2561 http fetch GET 200 https://registry.npmjs.org/typed-array-buffer/-/typed-array-buffer-1.0.3.tgz 3579ms (cache miss)
2562 http fetch GET 200 https://registry.npmjs.org/acorn/-/acorn-8.17.0.tgz 3692ms (cache miss)
2563 http fetch GET 200 https://registry.npmjs.org/stop-iteration-iterator/-/stop-iteration-iterator-1.1.0.tgz 3671ms (cache miss)
2564 http fetch GET 200 https://registry.npmjs.org/array.prototype.findlast/-/array.prototype.findlast-1.2.5.tgz 3759ms (cache miss)
2565 http fetch GET 200 https://registry.npmjs.org/typed-array-length/-/typed-array-length-1.0.8.tgz 3773ms (cache miss)
2566 http fetch GET 200 https://registry.npmjs.org/which-typed-array/-/which-typed-array-1.1.22.tgz 3790ms (cache miss)
2567 http fetch GET 200 https://registry.npmjs.org/string.prototype.matchall/-/string.prototype.matchall-4.0.12.tgz 3866ms (cache miss)
2568 http fetch GET 200 https://registry.npmjs.org/typed-array-byte-length/-/typed-array-byte-length-1.0.3.tgz 3912ms (cache miss)
2569 http fetch GET 200 https://registry.npmjs.org/own-keys/-/own-keys-1.0.2.tgz 3938ms (cache miss)
2570 http fetch GET 200 https://registry.npmjs.org/safe-regex-test/-/safe-regex-test-1.1.0.tgz 3937ms (cache miss)
2571 http fetch GET 200 https://registry.npmjs.org/possible-typed-array-names/-/possible-typed-array-names-1.1.0.tgz 4049ms (cache miss)
2572 http fetch GET 200 https://registry.npmjs.org/is-symbol/-/is-symbol-1.1.1.tgz 4187ms (cache miss)
2573 http fetch GET 200 https://registry.npmjs.org/is-date-object/-/is-date-object-1.1.0.tgz 4319ms (cache miss)
2574 http fetch GET 200 https://registry.npmjs.org/is-regex/-/is-regex-1.2.1.tgz 4311ms (cache miss)
2575 http fetch GET 200 https://registry.npmjs.org/typed-array-byte-offset/-/typed-array-byte-offset-1.0.4.tgz 4370ms (cache miss)
2576 http fetch GET 200 https://registry.npmjs.org/prop-types/-/prop-types-15.8.1.tgz 4434ms (cache miss)
2577 http fetch GET 200 https://registry.npmjs.org/lru-cache/-/lru-cache-10.4.3.tgz 4696ms (cache miss)
2578 http fetch GET 200 https://registry.npmjs.org/unbox-primitive/-/unbox-primitive-1.1.0.tgz 4606ms (cache miss)
2579 http fetch GET 200 https://registry.npmjs.org/is-data-view/-/is-data-view-1.0.2.tgz 4635ms (cache miss)
2580 http fetch GET 200 https://registry.npmjs.org/has-symbols/-/has-symbols-1.1.0.tgz 4829ms (cache miss)
2581 http fetch GET 200 https://registry.npmjs.org/safe-push-apply/-/safe-push-apply-1.0.0.tgz 5226ms (cache miss)
2582 http fetch GET 200 https://registry.npmjs.org/is-shared-array-buffer/-/is-shared-array-buffer-1.0.4.tgz 5219ms (cache miss)
2583 http fetch GET 200 https://registry.npmjs.org/get-symbol-description/-/get-symbol-description-1.1.0.tgz 5211ms (cache miss)
2584 http fetch GET 200 https://registry.npmjs.org/data-view-byte-offset/-/data-view-byte-offset-1.0.1.tgz 5206ms (cache miss)
2585 http fetch GET 200 https://registry.npmjs.org/safe-array-concat/-/safe-array-concat-1.1.4.tgz 5268ms (cache miss)
2586 http fetch GET 200 https://registry.npmjs.org/function.prototype.name/-/function.prototype.name-1.2.0.tgz 5294ms (cache miss)
2587 http fetch GET 200 https://registry.npmjs.org/emoji-regex/-/emoji-regex-9.2.2.tgz 5388ms (cache miss)
2588 http fetch GET 200 https://registry.npmjs.org/es-to-primitive/-/es-to-primitive-1.3.4.tgz 5336ms (cache miss)
2589 http fetch GET 200 https://registry.npmjs.org/is-set/-/is-set-2.0.3.tgz 5356ms (cache miss)
2590 http fetch GET 200 https://registry.npmjs.org/arraybuffer.prototype.slice/-/arraybuffer.prototype.slice-1.0.4.tgz 5333ms (cache miss)
2591 http fetch GET 200 https://registry.npmjs.org/array-buffer-byte-length/-/array-buffer-byte-length-1.0.2.tgz 5388ms (cache miss)
2592 http fetch GET 200 https://registry.npmjs.org/has-property-descriptors/-/has-property-descriptors-1.0.2.tgz 5390ms (cache miss)
2593 http fetch GET 200 https://registry.npmjs.org/es-define-property/-/es-define-property-1.0.1.tgz 5447ms (cache miss)
2594 http fetch GET 200 https://registry.npmjs.org/data-view-byte-length/-/data-view-byte-length-1.0.2.tgz 5489ms (cache miss)
2595 http fetch GET 200 https://registry.npmjs.org/math-intrinsics/-/math-intrinsics-1.1.0.tgz 5479ms (cache miss)
2596 http fetch GET 200 https://registry.npmjs.org/string.prototype.trim/-/string.prototype.trim-1.2.11.tgz 5549ms (cache miss)
2597 http fetch GET 200 https://registry.npmjs.org/gopd/-/gopd-1.2.0.tgz 5515ms (cache miss)
2598 http fetch GET 200 https://registry.npmjs.org/call-bind-apply-helpers/-/call-bind-apply-helpers-1.0.2.tgz 5528ms (cache miss)
2599 http fetch GET 200 https://registry.npmjs.org/set-proto/-/set-proto-1.0.0.tgz 5569ms (cache miss)
2600 http fetch GET 200 https://registry.npmjs.org/es-errors/-/es-errors-1.3.0.tgz 5531ms (cache miss)
2601 http fetch GET 200 https://registry.npmjs.org/define-properties/-/define-properties-1.2.1.tgz 5535ms (cache miss)
2602 http fetch GET 200 https://registry.npmjs.org/@unrs/resolver-binding-win32-x64-msvc/-/resolver-binding-win32-x64-msvc-1.12.2.tgz 5721ms (cache miss)
2603 http fetch GET 200 https://registry.npmjs.org/has-tostringtag/-/has-tostringtag-1.0.2.tgz 5607ms (cache miss)
2604 http fetch GET 200 https://registry.npmjs.org/call-bound/-/call-bound-1.0.4.tgz 5547ms (cache miss)
2605 http fetch GET 200 https://registry.npmjs.org/is-string/-/is-string-1.1.1.tgz 5557ms (cache miss)
2606 http fetch GET 200 https://registry.npmjs.org/is-array-buffer/-/is-array-buffer-3.0.5.tgz 5629ms (cache miss)
2607 http fetch GET 200 https://registry.npmjs.org/is-callable/-/is-callable-1.2.7.tgz 5937ms (cache miss)
2608 http fetch GET 200 https://registry.npmjs.org/object.fromentries/-/object.fromentries-2.0.8.tgz 6046ms (cache miss)
2609 http fetch GET 200 https://registry.npmjs.org/array.prototype.flat/-/array.prototype.flat-1.3.3.tgz 6070ms (cache miss)
2610 http fetch GET 200 https://registry.npmjs.org/string.prototype.includes/-/string.prototype.includes-2.0.1.tgz 6170ms (cache miss)
2611 http fetch GET 200 https://registry.npmjs.org/string.prototype.trimstart/-/string.prototype.trimstart-1.0.8.tgz 6144ms (cache miss)
2612 http fetch GET 200 https://registry.npmjs.org/object.groupby/-/object.groupby-1.0.3.tgz 6100ms (cache miss)
2613 http fetch GET 200 https://registry.npmjs.org/is-negative-zero/-/is-negative-zero-2.0.3.tgz 6162ms (cache miss)
2614 http fetch GET 200 https://registry.npmjs.org/es-set-tostringtag/-/es-set-tostringtag-2.1.0.tgz 6160ms (cache miss)
2615 http fetch GET 200 https://registry.npmjs.org/unrs-resolver/-/unrs-resolver-1.12.2.tgz 6137ms (cache miss)
2616 http fetch GET 200 https://registry.npmjs.org/jackspeak/-/jackspeak-2.3.6.tgz 6266ms (cache miss)
2617 http fetch GET 200 https://registry.npmjs.org/stable-hash/-/stable-hash-0.0.5.tgz 6180ms (cache miss)
2618 http fetch GET 200 https://registry.npmjs.org/language-subtag-registry/-/language-subtag-registry-0.3.23.tgz 6333ms (cache miss)
2619 http fetch GET 200 https://registry.npmjs.org/array.prototype.findlastindex/-/array.prototype.findlastindex-1.2.6.tgz 6188ms (cache miss)
2620 http fetch GET 200 https://registry.npmjs.org/is-weakref/-/is-weakref-1.1.1.tgz 6244ms (cache miss)
2621 http fetch GET 200 https://registry.npmjs.org/available-typed-arrays/-/available-typed-arrays-1.0.7.tgz 6279ms (cache miss)
2622 http fetch GET 200 https://registry.npmjs.org/internal-slot/-/internal-slot-1.1.0.tgz 6300ms (cache miss)
2623 http fetch GET 200 https://registry.npmjs.org/data-view-buffer/-/data-view-buffer-1.0.2.tgz 6329ms (cache miss)
2624 http fetch GET 200 https://registry.npmjs.org/get-intrinsic/-/get-intrinsic-1.3.0.tgz 6335ms (cache miss)
2625 http fetch GET 200 https://registry.npmjs.org/array.prototype.flatmap/-/array.prototype.flatmap-1.3.3.tgz 6326ms (cache miss)
2626 http fetch GET 200 https://registry.npmjs.org/is-core-module/-/is-core-module-2.16.2.tgz 6337ms (cache miss)
2627 http fetch GET 200 https://registry.npmjs.org/@nolyfill/is-core-module/-/is-core-module-1.0.39.tgz 6349ms (cache miss)
2628 http fetch GET 200 https://registry.npmjs.org/define-data-property/-/define-data-property-1.1.4.tgz 6386ms (cache miss)
2629 http fetch GET 200 https://registry.npmjs.org/tinyglobby/-/tinyglobby-0.2.17.tgz 6354ms (cache miss)
2630 http fetch GET 200 https://registry.npmjs.org/hasown/-/hasown-2.0.4.tgz 6378ms (cache miss)
2631 http fetch GET 200 https://registry.npmjs.org/set-function-length/-/set-function-length-1.2.2.tgz 6443ms (cache miss)
2632 http fetch GET 200 https://registry.npmjs.org/es-shim-unscopables/-/es-shim-unscopables-1.1.0.tgz 6478ms (cache miss)
2633 http fetch GET 200 https://registry.npmjs.org/is-typed-array/-/is-typed-array-1.1.15.tgz 6538ms (cache miss)
2634 http fetch GET 200 https://registry.npmjs.org/@rtsao/scc/-/scc-1.1.0.tgz 6488ms (cache miss)
2635 http fetch GET 200 https://registry.npmjs.org/get-proto/-/get-proto-1.0.1.tgz 6545ms (cache miss)
2636 http fetch GET 200 https://registry.npmjs.org/function-bind/-/function-bind-1.1.2.tgz 6538ms (cache miss)
2637 http fetch GET 200 https://registry.npmjs.org/regexp.prototype.flags/-/regexp.prototype.flags-1.5.4.tgz 6585ms (cache miss)
2638 http fetch GET 200 https://registry.npmjs.org/call-bind/-/call-bind-1.0.9.tgz 6548ms (cache miss)
2639 http fetch GET 200 https://registry.npmjs.org/has-proto/-/has-proto-1.2.0.tgz 6586ms (cache miss)
2640 http fetch GET 200 https://registry.npmjs.org/es-abstract-get/-/es-abstract-get-1.0.0.tgz 6686ms (cache miss)
2641 http fetch GET 200 https://registry.npmjs.org/object.assign/-/object.assign-4.1.7.tgz 6704ms (cache miss)
2642 http fetch GET 200 https://registry.npmjs.org/globalthis/-/globalthis-1.0.4.tgz 6688ms (cache miss)
2643 http fetch GET 200 https://registry.npmjs.org/is-bun-module/-/is-bun-module-2.0.0.tgz 6688ms (cache miss)
2644 http fetch GET 200 https://registry.npmjs.org/es-object-atoms/-/es-object-atoms-1.1.2.tgz 6714ms (cache miss)
2645 http fetch GET 200 https://registry.npmjs.org/eslint-plugin-react-hooks/-/eslint-plugin-react-hooks-5.0.0-canary-7118f5dd7-20230705.tgz 6727ms (cache miss)
2646 http fetch GET 200 https://registry.npmjs.org/get-tsconfig/-/get-tsconfig-4.14.0.tgz 6761ms (cache miss)
2647 http fetch GET 200 https://registry.npmjs.org/@typescript-eslint/tsconfig-utils/-/tsconfig-utils-8.65.0.tgz 6795ms (cache miss)
2648 http fetch GET 200 https://registry.npmjs.org/signal-exit/-/signal-exit-4.1.0.tgz 6926ms (cache miss)
2649 http fetch GET 200 https://registry.npmjs.org/string.prototype.trimend/-/string.prototype.trimend-1.0.10.tgz 6841ms (cache miss)
2650 http fetch GET 200 https://registry.npmjs.org/object-keys/-/object-keys-1.1.1.tgz 6965ms (cache miss)
2651 http fetch GET 200 https://registry.npmjs.org/object.values/-/object.values-1.2.1.tgz 6980ms (cache miss)
2652 http fetch GET 200 https://registry.npmjs.org/array-includes/-/array-includes-3.1.9.tgz 6979ms (cache miss)
2653 http fetch GET 200 https://registry.npmjs.org/type-fest/-/type-fest-0.20.2.tgz 7120ms (cache miss)
2654 http fetch GET 200 https://registry.npmjs.org/path-scurry/-/path-scurry-1.11.1.tgz 7216ms (cache miss)
2655 http fetch GET 200 https://registry.npmjs.org/eslint-import-resolver-node/-/eslint-import-resolver-node-0.3.10.tgz 7681ms (cache miss)
2656 http fetch GET 200 https://registry.npmjs.org/eslint-import-resolver-typescript/-/eslint-import-resolver-typescript-3.10.1.tgz 7693ms (cache miss)
2657 http fetch GET 200 https://registry.npmjs.org/shebang-command/-/shebang-command-2.0.0.tgz 7793ms (cache miss)
2658 http fetch GET 200 https://registry.npmjs.org/@typescript-eslint/types/-/types-8.65.0.tgz 7848ms (cache miss)
2659 http fetch GET 200 https://registry.npmjs.org/which/-/which-2.0.2.tgz 8061ms (cache miss)
2660 http fetch GET 200 https://registry.npmjs.org/eslint-module-utils/-/eslint-module-utils-2.14.0.tgz 8121ms (cache miss)
2661 http fetch GET 200 https://registry.npmjs.org/color-name/-/color-name-1.1.4.tgz 8103ms (cache miss)
2662 http fetch GET 200 https://registry.npmjs.org/color-convert/-/color-convert-2.0.1.tgz 8193ms (cache miss)
2663 http fetch GET 200 https://registry.npmjs.org/@typescript-eslint/visitor-keys/-/visitor-keys-8.65.0.tgz 8263ms (cache miss)
2664 http fetch GET 200 https://registry.npmjs.org/path-key/-/path-key-3.1.1.tgz 8308ms (cache miss)
2665 http fetch GET 200 https://registry.npmjs.org/supports-color/-/supports-color-7.2.0.tgz 8358ms (cache miss)
2666 http fetch GET 200 https://registry.npmjs.org/@typescript-eslint/project-service/-/project-service-8.65.0.tgz 8397ms (cache miss)
2667 http fetch GET 200 https://registry.npmjs.org/ms/-/ms-2.1.3.tgz 8382ms (cache miss)
2668 http fetch GET 200 https://registry.npmjs.org/ansi-styles/-/ansi-styles-4.3.0.tgz 8437ms (cache miss)
2669 http fetch GET 200 https://registry.npmjs.org/json-schema-traverse/-/json-schema-traverse-0.4.1.tgz 8450ms (cache miss)
2670 http fetch GET 200 https://registry.npmjs.org/fast-json-stable-stringify/-/fast-json-stable-stringify-2.1.0.tgz 8900ms (cache miss)
2671 http fetch GET 200 https://registry.npmjs.org/strip-json-comments/-/strip-json-comments-3.1.1.tgz 8901ms (cache miss)
2672 http fetch GET 200 https://registry.npmjs.org/run-parallel/-/run-parallel-1.2.0.tgz 8923ms (cache miss)
2673 http fetch GET 200 https://registry.npmjs.org/@next/eslint-plugin-next/-/eslint-plugin-next-14.2.15.tgz 8956ms (cache miss)
2674 http fetch GET 200 https://registry.npmjs.org/fastq/-/fastq-1.20.1.tgz 8971ms (cache miss)
2675 http fetch GET 200 https://registry.npmjs.org/strip-ansi/-/strip-ansi-6.0.1.tgz 8992ms (cache miss)
2676 http fetch GET 200 https://registry.npmjs.org/optionator/-/optionator-0.9.4.tgz 8997ms (cache miss)
2677 http fetch GET 200 https://registry.npmjs.org/@typescript-eslint/parser/-/parser-8.65.0.tgz 9032ms (cache miss)
2678 http fetch GET 200 https://registry.npmjs.org/import-fresh/-/import-fresh-3.3.1.tgz 9011ms (cache miss)
2679 http fetch GET 200 https://registry.npmjs.org/text-table/-/text-table-0.2.0.tgz 9014ms (cache miss)
2680 http fetch GET 200 https://registry.npmjs.org/@nodelib/fs.stat/-/fs.stat-2.0.5.tgz 9030ms (cache miss)
2681 http fetch GET 200 https://registry.npmjs.org/lodash.merge/-/lodash.merge-4.6.2.tgz 9021ms (cache miss)
2682 http fetch GET 200 https://registry.npmjs.org/minimatch/-/minimatch-3.1.5.tgz 9051ms (cache miss)
2683 http fetch GET 200 https://registry.npmjs.org/natural-compare/-/natural-compare-1.4.0.tgz 9076ms (cache miss)
2684 http fetch GET 200 https://registry.npmjs.org/json-stable-stringify-without-jsonify/-/json-stable-stringify-without-jsonify-1.0.1.tgz 9079ms (cache miss)
2685 http fetch GET 200 https://registry.npmjs.org/object-inspect/-/object-inspect-1.13.4.tgz 9205ms (cache miss)
2686 http fetch GET 200 https://registry.npmjs.org/is-glob/-/is-glob-4.0.3.tgz 9103ms (cache miss)
2687 http fetch GET 200 https://registry.npmjs.org/is-path-inside/-/is-path-inside-3.0.3.tgz 9110ms (cache miss)
2688 http fetch GET 200 https://registry.npmjs.org/@nodelib/fs.scandir/-/fs.scandir-2.1.5.tgz 9135ms (cache miss)
2689 http fetch GET 200 https://registry.npmjs.org/globals/-/globals-13.24.0.tgz 9144ms (cache miss)
2690 http fetch GET 200 https://registry.npmjs.org/imurmurhash/-/imurmurhash-0.1.4.tgz 9154ms (cache miss)
2691 http fetch GET 200 https://registry.npmjs.org/levn/-/levn-0.4.1.tgz 9219ms (cache miss)
2692 http fetch GET 200 https://registry.npmjs.org/glob-parent/-/glob-parent-6.0.2.tgz 9222ms (cache miss)
2693 http fetch GET 200 https://registry.npmjs.org/file-entry-cache/-/file-entry-cache-6.0.1.tgz 9432ms (cache miss)
2694 http fetch GET 200 https://registry.npmjs.org/esutils/-/esutils-2.0.3.tgz 9432ms (cache miss)
2695 http fetch GET 200 https://registry.npmjs.org/find-up/-/find-up-5.0.0.tgz 9454ms (cache miss)
2696 http fetch GET 200 https://registry.npmjs.org/ts-api-utils/-/ts-api-utils-2.5.0.tgz 9558ms (cache miss)
2697 http fetch GET 200 https://registry.npmjs.org/eslint-visitor-keys/-/eslint-visitor-keys-3.4.3.tgz 9493ms (cache miss)
2698 http fetch GET 200 https://registry.npmjs.org/fast-deep-equal/-/fast-deep-equal-3.1.3.tgz 9545ms (cache miss)
2699 http fetch GET 200 https://registry.npmjs.org/ignore/-/ignore-5.3.2.tgz 9604ms (cache miss)
2700 http fetch GET 200 https://registry.npmjs.org/cross-spawn/-/cross-spawn-7.0.6.tgz 9594ms (cache miss)
2701 http fetch GET 200 https://registry.npmjs.org/@humanwhocodes/object-schema/-/object-schema-2.0.3.tgz 9711ms (cache miss)
2702 warn deprecated @humanwhocodes/object-schema@2.0.3: Use @eslint/object-schema instead
2703 http fetch GET 200 https://registry.npmjs.org/chalk/-/chalk-4.1.2.tgz 9688ms (cache miss)
2704 http fetch GET 200 https://registry.npmjs.org/escape-string-regexp/-/escape-string-regexp-4.0.0.tgz 9703ms (cache miss)
2705 http fetch GET 200 https://registry.npmjs.org/debug/-/debug-4.4.3.tgz 10882ms (cache miss)
2706 http fetch GET 200 https://registry.npmjs.org/ansi-regex/-/ansi-regex-6.2.2.tgz 10867ms (cache miss)
2707 http fetch GET 200 https://registry.npmjs.org/@nodelib/fs.walk/-/fs.walk-1.2.8.tgz 10898ms (cache miss)
2708 http fetch GET 200 https://registry.npmjs.org/@ungap/structured-clone/-/structured-clone-1.3.3.tgz 10916ms (cache miss)
2709 http fetch GET 200 https://registry.npmjs.org/emoji-regex/-/emoji-regex-8.0.0.tgz 10902ms (cache miss)
2710 http fetch GET 200 https://registry.npmjs.org/ansi-regex/-/ansi-regex-6.2.2.tgz 10925ms (cache miss)
2711 http fetch GET 200 https://registry.npmjs.org/strip-ansi/-/strip-ansi-7.2.0.tgz 10930ms (cache miss)
2712 http fetch GET 200 https://registry.npmjs.org/string-width/-/string-width-4.2.3.tgz 10946ms (cache miss)
2713 http fetch GET 200 https://registry.npmjs.org/emoji-regex/-/emoji-regex-8.0.0.tgz 10968ms (cache miss)
2714 http fetch GET 200 https://registry.npmjs.org/eslint-config-next/-/eslint-config-next-14.2.15.tgz 10977ms (cache miss)
2715 http fetch GET 200 https://registry.npmjs.org/@eslint/js/-/js-8.57.1.tgz 10988ms (cache miss)
2716 http fetch GET 200 https://registry.npmjs.org/@humanwhocodes/config-array/-/config-array-0.13.0.tgz 10986ms (cache miss)
2717 http fetch GET 200 https://registry.npmjs.org/ansi-regex/-/ansi-regex-6.2.2.tgz 10985ms (cache miss)
2718 http fetch GET 200 https://registry.npmjs.org/@humanwhocodes/module-importer/-/module-importer-1.0.1.tgz 11010ms (cache miss)
2719 http fetch GET 200 https://registry.npmjs.org/strip-ansi/-/strip-ansi-7.2.0.tgz 11013ms (cache miss)
2720 http fetch GET 200 https://registry.npmjs.org/strip-ansi/-/strip-ansi-7.2.0.tgz 11010ms (cache miss)
2721 http fetch GET 200 https://registry.npmjs.org/ansi-styles/-/ansi-styles-6.2.3.tgz 11018ms (cache miss)
2722 http fetch GET 200 https://registry.npmjs.org/balanced-match/-/balanced-match-4.0.4.tgz 11014ms (cache miss)
2723 http fetch GET 200 https://registry.npmjs.org/glob/-/glob-7.2.3.tgz 11015ms (cache miss)
2724 http fetch GET 200 https://registry.npmjs.org/espree/-/espree-9.6.1.tgz 11061ms (cache miss)
2725 warn deprecated @humanwhocodes/config-array@0.13.0: Use @eslint/config-array instead
2726 http fetch GET 200 https://registry.npmjs.org/brace-expansion/-/brace-expansion-5.0.8.tgz 11089ms (cache miss)
2727 http fetch GET 200 https://registry.npmjs.org/semver/-/semver-6.3.1.tgz 11128ms (cache miss)
2728 warn deprecated glob@7.2.3: Old versions of glob are not supported, and contain widely publicized security vulnerabilities, which have been fixed in the current version. Please update. Support for old versions may be purchased (at exorbitant rates) by contacting i@izs.me
2729 http fetch GET 200 https://registry.npmjs.org/semver/-/semver-6.3.1.tgz 11206ms (cache miss)
2730 http fetch GET 200 https://registry.npmjs.org/doctrine/-/doctrine-3.0.0.tgz 11315ms (cache miss)
2731 http fetch GET 200 https://registry.npmjs.org/semver/-/semver-6.3.1.tgz 11290ms (cache miss)
2732 http fetch GET 200 https://registry.npmjs.org/debug/-/debug-3.2.7.tgz 11350ms (cache miss)
2733 http fetch GET 200 https://registry.npmjs.org/eslint-visitor-keys/-/eslint-visitor-keys-5.0.1.tgz 11359ms (cache miss)
2734 http fetch GET 200 https://registry.npmjs.org/eslint-scope/-/eslint-scope-7.2.2.tgz 11423ms (cache miss)
2735 http fetch GET 200 https://registry.npmjs.org/debug/-/debug-3.2.7.tgz 11396ms (cache miss)
2736 http fetch GET 200 https://registry.npmjs.org/debug/-/debug-3.2.7.tgz 11394ms (cache miss)
2737 http fetch GET 200 https://registry.npmjs.org/doctrine/-/doctrine-2.1.0.tgz 11410ms (cache miss)
2738 http fetch GET 200 https://registry.npmjs.org/ignore/-/ignore-7.0.6.tgz 11380ms (cache miss)
2739 http fetch GET 200 https://registry.npmjs.org/graphemer/-/graphemer-1.4.0.tgz 11641ms (cache miss)
2740 http fetch GET 200 https://registry.npmjs.org/semver/-/semver-7.8.5.tgz 11860ms (cache miss)
2741 http fetch GET 200 https://registry.npmjs.org/axe-core/-/axe-core-4.12.1.tgz 12112ms (cache miss)
2742 http fetch GET 200 https://registry.npmjs.org/doctrine/-/doctrine-2.1.0.tgz 12004ms (cache miss)
2743 http fetch GET 200 https://registry.npmjs.org/@typescript-eslint/type-utils/-/type-utils-8.65.0.tgz 12120ms (cache miss)
2744 http fetch GET 200 https://registry.npmjs.org/postcss 11652ms (cache miss)
2745 silly packumentCache corgi:https://registry.npmjs.org/postcss set size:undefined disposed:false
2746 http fetch GET 200 https://registry.npmjs.org/uuid 11698ms (cache miss)
2747 silly packumentCache corgi:https://registry.npmjs.org/uuid set size:undefined disposed:false
2748 http fetch GET 200 https://registry.npmjs.org/nodemailer 11748ms (cache miss)
2749 silly packumentCache corgi:https://registry.npmjs.org/nodemailer set size:undefined disposed:false
2750 http fetch GET 200 https://registry.npmjs.org/esquery/-/esquery-1.7.0.tgz 12347ms (cache miss)
2751 http fetch GET 200 https://registry.npmjs.org/@eslint-community/regexpp/-/regexpp-4.12.2.tgz 12445ms (cache miss)
2752 http fetch GET 200 https://registry.npmjs.org/brace-expansion/-/brace-expansion-2.1.2.tgz 12679ms (cache miss)
2753 http fetch GET 200 https://registry.npmjs.org/@eslint-community/eslint-utils/-/eslint-utils-4.10.1.tgz 12789ms (cache miss)
2754 http fetch GET 200 https://registry.npmjs.org/glob 12755ms (cache miss)
2755 silly packumentCache corgi:https://registry.npmjs.org/glob set size:undefined disposed:false
2756 http fetch GET 200 https://registry.npmjs.org/@eslint/eslintrc/-/eslintrc-2.1.4.tgz 13936ms (cache miss)
2757 http fetch GET 200 https://registry.npmjs.org/js-yaml/-/js-yaml-4.3.0.tgz 14101ms (cache miss)
2758 http fetch GET 200 https://registry.npmjs.org/tsconfig-paths/-/tsconfig-paths-3.15.0.tgz 14474ms (cache miss)
2759 http fetch GET 200 https://registry.npmjs.org/uri-js/-/uri-js-4.4.1.tgz 14484ms (cache miss)
2760 http fetch GET 200 https://registry.npmjs.org/glob/-/glob-10.3.10.tgz 14624ms (cache miss)
2761 warn deprecated glob@10.3.10: Old versions of glob are not supported, and contain widely publicized security vulnerabilities, which have been fixed in the current version. Please update. Support for old versions may be purchased (at exorbitant rates) by contacting i@izs.me
2762 http fetch GET 200 https://registry.npmjs.org/minimatch/-/minimatch-10.2.5.tgz 14717ms (cache miss)
2763 http fetch GET 200 https://registry.npmjs.org/minimatch/-/minimatch-9.0.9.tgz 14729ms (cache miss)
2764 http fetch GET 200 https://registry.npmjs.org/@typescript-eslint/typescript-estree/-/typescript-estree-8.65.0.tgz 14923ms (cache miss)
2765 http fetch GET 200 https://registry.npmjs.org/@typescript-eslint/utils/-/utils-8.65.0.tgz 15012ms (cache miss)
2766 http fetch GET 200 https://registry.npmjs.org/jsx-ast-utils/-/jsx-ast-utils-3.3.5.tgz 15175ms (cache miss)
2767 http fetch GET 200 https://registry.npmjs.org/es-iterator-helpers/-/es-iterator-helpers-1.4.0.tgz 15252ms (cache miss)
2768 http fetch GET 200 https://registry.npmjs.org/resolve/-/resolve-2.0.0-next.7.tgz 15316ms (cache miss)
2769 http fetch GET 200 https://registry.npmjs.org/ajv/-/ajv-6.15.0.tgz 15263ms (cache miss)
2770 http fetch GET 200 https://registry.npmjs.org/eslint-plugin-import/-/eslint-plugin-import-2.32.0.tgz 15579ms (cache miss)
2771 http fetch GET 200 https://registry.npmjs.org/axobject-query/-/axobject-query-4.1.0.tgz 15724ms (cache miss)
2772 http fetch GET 200 https://registry.npmjs.org/@rushstack/eslint-patch/-/eslint-patch-1.16.1.tgz 15659ms (cache miss)
2773 http fetch GET 200 https://registry.npmjs.org/next 15568ms (cache miss)
2774 silly packumentCache corgi:https://registry.npmjs.org/next set size:undefined disposed:false
2775 http fetch GET 200 https://registry.npmjs.org/aria-query/-/aria-query-5.3.2.tgz 28615ms (cache miss)
2776 silly packumentCache corgi:https://registry.npmjs.org/@next%2feslint-plugin-next cache-miss
2777 http fetch GET 200 https://registry.npmjs.org/eslint-plugin-jsx-a11y/-/eslint-plugin-jsx-a11y-6.10.2.tgz 28775ms (cache miss)
2778 http fetch GET 200 https://registry.npmjs.org/@typescript-eslint/scope-manager/-/scope-manager-8.65.0.tgz 29445ms (cache miss)
2779 http fetch GET 200 https://registry.npmjs.org/eslint-plugin-react/-/eslint-plugin-react-7.37.5.tgz 29686ms (cache miss)
2780 http fetch GET 200 https://registry.npmjs.org/eslint/-/eslint-8.57.1.tgz 30078ms (cache miss)
2781 warn deprecated eslint@8.57.1: This version is no longer supported. Please see https://eslint.org/version-support for other options.
2782 http fetch GET 200 https://registry.npmjs.org/@typescript-eslint/eslint-plugin/-/eslint-plugin-8.65.0.tgz 30185ms (cache miss)
2783 http fetch GET 200 https://registry.npmjs.org/@next%2feslint-plugin-next 4979ms (cache miss)
2784 silly packumentCache corgi:https://registry.npmjs.org/@next%2feslint-plugin-next set size:undefined disposed:false
2785 silly packumentCache corgi:https://registry.npmjs.org/eslint-config-next cache-miss
2786 http fetch GET 200 https://registry.npmjs.org/es-abstract/-/es-abstract-1.24.2.tgz 35416ms (cache miss)
2787 info run unrs-resolver@1.12.2 postinstall node_modules/unrs-resolver node postinstall.js
2788 info run unrs-resolver@1.12.2 postinstall { code: 'EPERM', signal: undefined }
2789 verbose stack Error: spawn EPERM
2789 verbose stack     at ChildProcess.spawn (node:internal/child_process:421:11)
2789 verbose stack     at spawn (node:child_process:796:9)
2789 verbose stack     at promiseSpawn (C:\Program Files\nodejs\node_modules\npm\node_modules\@npmcli\promise-spawn\lib\index.js:39:16)
2789 verbose stack     at spawnWithShell (C:\Program Files\nodejs\node_modules\npm\node_modules\@npmcli\promise-spawn\lib\index.js:124:10)
2789 verbose stack     at promiseSpawn (C:\Program Files\nodejs\node_modules\npm\node_modules\@npmcli\promise-spawn\lib\index.js:12:12)
2789 verbose stack     at runScriptPkg (C:\Program Files\nodejs\node_modules\npm\node_modules\@npmcli\run-script\lib\run-script-pkg.js:79:13)
2789 verbose stack     at runScript (C:\Program Files\nodejs\node_modules\npm\node_modules\@npmcli\run-script\lib\run-script.js:9:12)
2789 verbose stack     at C:\Program Files\nodejs\node_modules\npm\node_modules\@npmcli\arborist\lib\arborist\rebuild.js:327:17
2789 verbose stack     at run (C:\Program Files\nodejs\node_modules\npm\node_modules\promise-call-limit\dist\commonjs\index.js:67:22)
2789 verbose stack     at C:\Program Files\nodejs\node_modules\npm\node_modules\promise-call-limit\dist\commonjs\index.js:84:9
2790 error code EPERM
2791 error syscall spawn
2792 error errno -4048
2793 error Error: spawn EPERM
2793 error     at ChildProcess.spawn (node:internal/child_process:421:11)
2793 error     at spawn (node:child_process:796:9)
2793 error     at promiseSpawn (C:\Program Files\nodejs\node_modules\npm\node_modules\@npmcli\promise-spawn\lib\index.js:39:16)
2793 error     at spawnWithShell (C:\Program Files\nodejs\node_modules\npm\node_modules\@npmcli\promise-spawn\lib\index.js:124:10)
2793 error     at promiseSpawn (C:\Program Files\nodejs\node_modules\npm\node_modules\@npmcli\promise-spawn\lib\index.js:12:12)
2793 error     at runScriptPkg (C:\Program Files\nodejs\node_modules\npm\node_modules\@npmcli\run-script\lib\run-script-pkg.js:79:13)
2793 error     at runScript (C:\Program Files\nodejs\node_modules\npm\node_modules\@npmcli\run-script\lib\run-script.js:9:12)
2793 error     at C:\Program Files\nodejs\node_modules\npm\node_modules\@npmcli\arborist\lib\arborist\rebuild.js:327:17
2793 error     at run (C:\Program Files\nodejs\node_modules\npm\node_modules\promise-call-limit\dist\commonjs\index.js:67:22)
2793 error     at C:\Program Files\nodejs\node_modules\npm\node_modules\promise-call-limit\dist\commonjs\index.js:84:9 {
2793 error   errno: -4048,
2793 error   code: 'EPERM',
2793 error   syscall: 'spawn'
2793 error }
2794 error
2794 error The operation was rejected by your operating system.
2794 error It's possible that the file was already in use (by a text editor or antivirus),
2794 error or that you lack permissions to access it.
2794 error
2794 error If you believe this might be a permissions issue, please double-check the
2794 error permissions of the file and its containing directories, or try running
2794 error the command again as root/Administrator.
2795 silly unfinished npm timer reify 1784816692810
2796 silly unfinished npm timer reify:audit 1784816759575
2797 silly unfinished npm timer auditReport:init 1784816760757
2798 silly unfinished npm timer metavuln:calculate:security-advisory:eslint-config-next:PvOLmaLvBa62/MSwOoeVcFtG41ceA4r3c/+CRslQCFHIqz2IKPEVFqVWr5T0jcFHrN6kR5E5FbNMo23kCF9gdg== 1784816794064
2799 silly unfinished npm timer metavuln:packument:eslint-config-next 1784816794064
2800 silly unfinished npm timer reify:build 1784816795658
2801 silly unfinished npm timer build 1784816795659
2802 silly unfinished npm timer build:deps 1784816795660
2803 silly unfinished npm timer build:run:postinstall 1784816795732
2804 silly unfinished npm timer build:run:postinstall:node_modules/unrs-resolver 1784816795733
2805 verbose cwd C:\qr-sasms
2806 verbose os Windows_NT 10.0.26200
2807 verbose node v24.14.1
2808 verbose npm  v11.11.0
2809 notice
2809 notice New minor version of npm available! 11.11.0 -> 11.18.0
2809 notice Changelog: https://github.com/npm/cli/releases/tag/v11.18.0
2809 notice To update run: npm install -g npm@11.18.0
2809 notice  { force: true, Symbol(proc-log.meta): true }
2810 verbose exit -4048
2811 verbose code -4048
2812 error A complete log of this run can be found in: C:\qr-sasms\.npm-cache\_logs\2026-07-23T14_24_50_718Z-debug-0.log
